Workbook

Sheet overview
A1: overview
C2: aa | D2: nf | E2: nm | F2: mf | G2: mm | H2: na | I2: ma | J2: af | K2: am
B3: {=C11&" / "&C12} -> FR / France | C3: All | D3: Native Female | E3: Native Male | F3: Migrant Female | G3: Migrant Male | H3: Utility Native Male + Female | I3: Utility Migrant Male + Female | J3: Utility All Female | K3: Utility All Male | L3: Utility Other
B4: Information | C4: This column contains general values (like definitions and sources) | D4: This column is important for the correct calculation | E4: This column is important for the correct calculation | F4: This column is important for the correct calculation | G4: This column is important for the correct calculation | H4: This column only contains utilty values used to calculate the data on the left | I4: This column only contains utilty values used to calculate the data on the left | J4: This column only contains utilty values used to calculate the data on the left | K4: This column only contains utilty values used to calculate the data on the left | L4: This column only contains utilty values used to calculate the data on the left
B5: Editing this spreadsheet | C5: On a blue background, you can edit values and formulas
C6: On a green background, only change the formula (normally the formula should be right though)
C7: On a yellow background, don't change anything!
C8: On a dark grey background, you find important instructions
B10: Country
A11: na | B11: Acronym (e.g. "DE") | C11: FR
A12: nn | B12: Name | C12: France
A13: nd | B13: Date when the sheets were generated | C13: 2026-05-22 14:00
B15: Estimation | C15: This is an estimation of the tipping point
B17: Current population | C17: {=H17+I17} -> 68882600 | D17: {=C34} -> 0.21791555 | E17: pn, pm | H17: {=population!H109} -> 53872010 | I17: {=population!I109} -> 15010590
B18: Gap native - migrant | C18: {=H17-I17} -> 38861420 | D18: {=C18/C17} -> 0.56416889
B19: Birth / year according to population | H19: {=population!H9} -> 459933 | I19: {=population!I9} -> 153997
B20: Birth / year according to fertility | H20: {=births!H11} -> 424062.65 | I20: {=births!I11} -> 189867.35
B21: Birth / year used for estimation | D21: We prefer the number of births according to the fertility | H21: {=IF(ISNUMBER(H20),H20,H19)} -> 424062.65 | I21: {=IF(ISNUMBER(I20),I20,I19)} -> 189867.35
B22: Deaths / year | H22: {=-deaths!H107} -> -532756 | I22: {=-deaths!I107} -> -110576
B23: Migration balance / year | H23: {=migration!H9} -> -70499.7 | I23: {=migration!I9} -> 196534.9
B24: Population delta / year | C24: {=I24-H24} -> 455019.31 | D24: {=C24/C17} -> 0.006605722 | E24: dn, dm | H24: {=H21+H22+H23} -> -179193.05 | I24: {=I21+I22+I23} -> 275826.25
B26: Years until 33% share of migrants | C26: {=(H$17-2*I$17)/(2*I$24-H$24)} -> 32.634569 | D26: y = (pn - 2*pm) / (2*dm - dn)
B27: Estimated tipping point for 33% share of migrants | C27: {=C$33+C26} -> 2057.6346
B28: Years until 50% share of migrants | C28: {=(H$17-I$17)/(I$24-H$24)} -> 85.40609 | D28: y = (pn - pm) / (dm - dn)
B29: Estimated tipping point for 50% share of migrants | C29: {=C$33+C28} -> 2110.4061
B31: Indicators | C31: This indicators are used to find differences between countries and thus show where the data collection might be wrong
B33: Year of the population numbers | C33: {=population!C7} -> 2025
B34: Share of migrant population | C34: {=population!I109/population!C109} -> 0.21791555 | D34: > 20% normally
B35: Births per 1 mio. women (15-49) | C35: {=I35/H35-1} -> 0.35294118 | D35: > 30% normally | H35: {=births!H11/births!D9*1000000} -> 38641.758 | I35: {=births!I11/births!F9*1000000} -> 52280.025
B36: Births per 1 mio. population | C36: {=I36/H36-1} -> 0.60688832 | D36: > 50% normally due to younger migrant population | H36: {=births!H11/population!H109*1000000} -> 7871.6693 | I36: {=births!I11/population!I109*1000000} -> 12648.893
B37: Deaths per 1 mio. population | C37: {=I37/H37-1} -> -0.25510005 | D37: < 0% normally due to younger migrant population | H37: {=deaths!H$107/population!H$109*1000000} -> 9889.2913 | I37: {=deaths!I$107/population!I$109*1000000} -> 7366.5326
B38: Migration balance per 1 mio. of group | H38: {=migration!H111/population!H109*1000000} -> -1308.6517 | I38: {=migration!I111/population!I109*1000000} -> 13093.083
B39: Migration balance in % of population | H39: {=migration!H111/population!C109} -> -0.0010234762 | I39: {=migration!I111/population!D109} -> 0.0070583898
B47: Migration Background | C47: How is the "Migration Background" defined in this country?
A49: i | B49: Definition of the 'migration background' | C49: MH i.w.S. nach INSEE-Definition: immigré (personne née étrangère à l'étranger et résidant en France; bleibt immigré auch nach Erwerb der frz. StAng) + descendant d'immigrés (en France geboren, mit mindestens einem immigré-Elternteil). 3. Generation nicht modelliert (V2-Thema TeO2).
A51: is | B51: Source of the data (verbal) | C51: {=IF(C52="","?",C52)&IF(C53="","","; downloaded "&C53)&IF(C54="","","; "&C54)} -> https://www.insee.fr/fr/metadonnees/definition/c1676; downloaded 2026-05-22
B52: URLs, where the data was found | C52: https://www.insee.fr/fr/metadonnees/definition/c1676
B53: Date, when the data was downloaded | C53: 2026-05-22
B54: Manual remarks (not for AI!)
B55: Remarks of the AI (e.g. calculation) | C55: Variante B (INSEE-strikt): MH-Total = Immigrés + Descendants. Eingebürgerte Migranten bleiben immigré (INSEE-Definition). Français nés à l'étranger sind NICHT immigré → werden als Native gezählt (Diff zu Eurostat-FB-Konzept ca. 2,6 Mio.). PROJECT.md-Vorgabe: Variante B methodisch korrekt.
B56: Internal remarks
B58: Life Expectancy | C58: What is the avarage life expectancy in this country?
A60: l | B60: Life expectancy | C60: {=($D60*population!$D109+$E60*population!$E109+$F60*population!$F109+$G60*population!$G109)/population!C109} -> 82.933348 | D60: 85.7 | E60: 80 | F60: 85.7 | G60: 80 | H60: {=($D60*population!$D109+$E60*population!$E109)/population!H109} -> 82.946088 | I60: {=($F60*population!$F109+$G60*population!$G109)/population!I109} -> 82.887624 | J60: {=($D60*population!$D109+$F60*population!$F109)/population!J109} -> 85.7 | K60: {=($E60*population!$E109+$G60*population!$G109)/population!K109} -> 80
A62: ls | B62: Source of the data (verbal) | C62: {=IF(C63="","?",C63)&IF(C64="","","; downloaded "&C64)&IF(C65="","","; "&C65)} -> https://www.insee.fr/fr/statistiques/8719824, https://www.insee.fr/fr/statistiques/8313953; downloaded 2026-05-22
B63: URLs, where the data was found | C63: https://www.insee.fr/fr/statistiques/8719824, https://www.insee.fr/fr/statistiques/8313953
B64: Date, when the data was downloaded | C64: 2026-05-22
B65: Manual remarks (not for AI!)
B66: Remarks of the AI (e.g. calculation) | C66: Lebenserwartung 2024 aus INSEE Bilan démographique 2024/2025: Männer 80,0 J., Frauen 85,7 J. (vorläufig). Einheitliche e0 für Native und Migrant (CLAUDE.md §Lebenserwartung). INSEE Table de mortalité detailliert (Periodentafel) für 2024 noch nicht voll publiziert (nur 2020-2022 als komplette Tafel); 2024-Werte sind Bilan-Estimationen.
B67: Internal remarks

Sheet population
A1: population
C2: aa | D2: nf | E2: nm | F2: mf | G2: mm | H2: na | I2: ma | J2: af | K2: am
B3: {=overview!C11&" / "&overview!C12} -> FR / France | C3: All | D3: Native Female | E3: Native Male | F3: Migrant Female | G3: Migrant Male | H3: Utility Native Male + Female | I3: Utility Migrant Male + Female | J3: Utility All Female | K3: Utility All Male | L3: Utility Other
B4: ⚠️ | C4: Do not add or delete lines until the next dark grey row below! The fields below are the fields used in other sheets and in the calculation. The address of these fields and their contents must remain always the same, so we can add calculations later!
B5: Population | C5: This is the base line of the caclution
A7: py | B7: Year of the count of the population | C7: 2025
A9: p00 | B9: 0 years | C9: {=H9+I9} -> 613930 | D9: {=D121} -> 223160 | E9: {=E121} -> 236773 | F9: {=F121} -> 76749 | G9: {=G121} -> 77248 | H9: {=E9+D9} -> 459933 | I9: {=G9+F9} -> 153997 | J9: {=D9+F9} -> 299909 | K9: {=E9+G9} -> 314021
A10: p01 | B10: 1 years | C10: {=H10+I10} -> 633124 | D10: {=D122} -> 230533 | E10: {=E122} -> 243780 | F10: {=F122} -> 79161 | G10: {=G122} -> 79650 | H10: {=E10+D10} -> 474313 | I10: {=G10+F10} -> 158811 | J10: {=D10+F10} -> 309694 | K10: {=E10+G10} -> 323430
A11: p02 | B11: 2 years | C11: {=H11+I11} -> 680945 | D11: {=D123} -> 247647 | E11: {=E123} -> 262491 | F11: {=F123} -> 85131 | G11: {=G123} -> 85676 | H11: {=E11+D11} -> 510138 | I11: {=G11+F11} -> 170807 | J11: {=D11+F11} -> 332778 | K11: {=E11+G11} -> 348167
A12: p03 | B12: 3 years | C12: {=H12+I12} -> 707427 | D12: {=D124} -> 258010 | E12: {=E124} -> 271968 | F12: {=F124} -> 88466 | G12: {=G124} -> 88983 | H12: {=E12+D12} -> 529978 | I12: {=G12+F12} -> 177449 | J12: {=D12+F12} -> 346476 | K12: {=E12+G12} -> 360951
A13: p04 | B13: 4 years | C13: {=H13+I13} -> 711837 | D13: {=D125} -> 259140 | E13: {=E125} -> 274142 | F13: {=F125} -> 89001 | G13: {=G125} -> 89554 | H13: {=E13+D13} -> 533282 | I13: {=G13+F13} -> 178555 | J13: {=D13+F13} -> 348141 | K13: {=E13+G13} -> 363696
A14: p05 | B14: 5 years | C14: {=H14+I14} -> 738384 | D14: {=D126} -> 267392 | E14: {=E126} -> 285777 | F14: {=F126} -> 92274 | G14: {=G126} -> 92941 | H14: {=E14+D14} -> 553169 | I14: {=G14+F14} -> 185215 | J14: {=D14+F14} -> 359666 | K14: {=E14+G14} -> 378718
A15: p06 | B15: 6 years | C15: {=H15+I15} -> 747315 | D15: {=D127} -> 271396 | E15: {=E127} -> 288465 | F15: {=F127} -> 93415 | G15: {=G127} -> 94039 | H15: {=E15+D15} -> 559861 | I15: {=G15+F15} -> 187454 | J15: {=D15+F15} -> 364811 | K15: {=E15+G15} -> 382504
A16: p07 | B16: 7 years | C16: {=H16+I16} -> 762141 | D16: {=D128} -> 274735 | E16: {=E128} -> 296232 | F16: {=F128} -> 95201 | G16: {=G128} -> 95973 | H16: {=E16+D16} -> 570967 | I16: {=G16+F16} -> 191174 | J16: {=D16+F16} -> 369936 | K16: {=E16+G16} -> 392205
A17: p08 | B17: 8 years | C17: {=H17+I17} -> 783490 | D17: {=D129} -> 283507 | E17: {=E129} -> 303454 | F17: {=F129} -> 97903 | G17: {=G129} -> 98626 | H17: {=E17+D17} -> 586961 | I17: {=G17+F17} -> 196529 | J17: {=D17+F17} -> 381410 | K17: {=E17+G17} -> 402080
A18: p09 | B18: 9 years | C18: {=H18+I18} -> 805772 | D18: {=D130} -> 292809 | E18: {=E130} -> 310845 | F18: {=F130} -> 100729 | G18: {=G130} -> 101389 | H18: {=E18+D18} -> 603654 | I18: {=G18+F18} -> 202118 | J18: {=D18+F18} -> 393538 | K18: {=E18+G18} -> 412234
A19: p10 | B19: 10 years | C19: {=H19+I19} -> 828311 | D19: {=D131} -> 301901 | E19: {=E131} -> 318639 | F19: {=F131} -> 103576 | G19: {=G131} -> 104195 | H19: {=E19+D19} -> 620540 | I19: {=G19+F19} -> 207771 | J19: {=D19+F19} -> 405477 | K19: {=E19+G19} -> 422834
A20: p11 | B20: 11 years | C20: {=H20+I20} -> 834912 | D20: {=D132} -> 303966 | E20: {=E132} -> 321519 | F20: {=F132} -> 104390 | G20: {=G132} -> 105037 | H20: {=E20+D20} -> 625485 | I20: {=G20+F20} -> 209427 | J20: {=D20+F20} -> 408356 | K20: {=E20+G20} -> 426556
... A108: p99 | B108: 99 years and older | C108: {=H108+I108} -> 55321 | D108: {=D220} -> 40488 | E108: {=E220} -> 5987 | F108: {=F220} -> 6117 | G108: {=G220} -> 2729 | H108: {=E108+D108} -> 46475 | I108: {=G108+F108} -> 8846 | J108: {=D108+F108} -> 46605 | K108: {=E108+G108} -> 8716
A109: pt | B109: Total | C109: {=SUM(C9:C108)} -> 68882600 | D109: {=SUM(D9:D108)} -> 27844155 | E109: {=SUM(E9:E108)} -> 26027855 | F109: {=SUM(F9:F108)} -> 7604375 | G109: {=SUM(G9:G108)} -> 7406215 | H109: {=SUM(H9:H108)} -> 53872010 | I109: {=SUM(I9:I108)} -> 15010590 | J109: {=D109+F109} -> 35448530 | K109: {=E109+G109} -> 33434070
A111: ps | B111: Source of the data (verbal) | C111: {=IF(C112="","?",C112)&IF(C113="","","; downloaded "&C113)&IF(C114="","","; "&C114)} -> https://ec.europa.eu/eurostat/databrowser/view/demo_pjan, https://www.insee.fr/fr/statistiques/8582067, https://www.insee.fr/fr/statistiques/4187125; downloaded 2026-05-22
B112: URLs, where the data was found | C112: https://ec.europa.eu/eurostat/databrowser/view/demo_pjan, https://www.insee.fr/fr/statistiques/8582067, https://www.insee.fr/fr/statistiques/4187125
B113: Date, when the data was downloaded | C113: 2026-05-22
B114: Manual remarks (not for AI!)
B115: Remarks of the AI (e.g. calculation) | C115: Pop-Total per Einzelalter × Sex aus Eurostat demo_pjan 2025 (geo=FR, France entière, Total 68,882,600). 1. Generation Migrant (immigré) aus INSEE RP2022 IMG1B (4 broad bins × Sex × 11 Origine-Regionen, France entière, Géographie 01/01/2025) Total = 7.023.595; disaggregiert auf Einzelalter über Pop-Total-Form innerhalb jedes Bandes (analog AT-Mikrozensus-Disaggregation, CLAUDE.md). 2. Generation (descendants d'immigrés) aus INSEE Insee Références 2024 (Décembre 2024, enquête Emploi 2024, France hors Mayotte, logement ordinaire) Total = 7.987.000 in 4 Banden (31,3%/18%/31,2%/19,5%); disaggregiert auf Einzelalter über Pop-Total-Form. Sex-Split der Descendants nicht öffentlich publiziert → 50/50-Konvention (Plan-Entscheidung; Alternative leer würde INSEE-Definition zerstören). Migrant = 1.Gen + 2.Gen = 15,010,590 (21.8%). Native = Pop − Migrant. Approximationen: (a) 1.-Gen-Quote innerhalb 4-Bin konstant; (b) Descendants-Sex-Split 50/50; (c) Geographic-Mismatch Eurostat (France entière inkl. Mayotte) vs. INSEE-Descendants (hors Mayotte) — Diff <30 K. Variante A (Eurostat-FB direkt, ohne INSEE-Strikt-Filter) wäre breiter (~25 % Migrant), aber methodisch-falsch für FR (PROJECT.md). 3. Generation nicht modelliert (V2-Thema TeO2).
B116: Internal remarks
B118: ✏️ | C118: Enter your data below and make sure that you adjust the formulas above, if necessary. If calculations are necessary, use the fields below for it and use formulas in the area above, to fill in the fields above exactly as intended.
B119: Population | C119: Calculation of the population
B121: 0 years | D121: 223160 | E121: 236773 | F121: 76749 | G121: 77248
B122: 1 years | D122: 230533 | E122: 243780 | F122: 79161 | G122: 79650
B123: 2 years | D123: 247647 | E123: 262491 | F123: 85131 | G123: 85676
B124: 3 years | D124: 258010 | E124: 271968 | F124: 88466 | G124: 88983
B125: 4 years | D125: 259140 | E125: 274142 | F125: 89001 | G125: 89554
B126: 5 years | D126: 267392 | E126: 285777 | F126: 92274 | G126: 92941
B127: 6 years | D127: 271396 | E127: 288465 | F127: 93415 | G127: 94039
B128: 7 years | D128: 274735 | E128: 296232 | F128: 95201 | G128: 95973
B129: 8 years | D129: 283507 | E129: 303454 | F129: 97903 | G129: 98626
B130: 9 years | D130: 292809 | E130: 310845 | F130: 100729 | G130: 101389
B131: 10 years | D131: 301901 | E131: 318639 | F131: 103576 | G131: 104195
B132: 11 years | D132: 303966 | E132: 321519 | F132: 104390 | G132: 105037
... B220: 99 years and older | D220: 40488 | E220: 5987 | F220: 6117 | G220: 2729

Sheet births
A1: births
C2: aa | D2: nf | E2: nm | F2: mf | G2: mm | H2: na | I2: ma | J2: af | K2: am
B3: {=overview!C11&" / "&overview!C12} -> FR / France | C3: All | D3: Native Female | E3: Native Male | F3: Migrant Female | G3: Migrant Male | H3: Utility Native Male + Female | I3: Utility Migrant Male + Female | J3: Utility All Female | K3: Utility All Male | L3: Utility Other
B4: ⚠️ | C4: Do not add or delete lines until the next dark grey row below! The fields below are the fields used in other sheets and in the calculation. The address of these fields and their contents must remain always the same, so we can add calculations later!
B5: Fertility | C5: The values in this section are used to calculate the number of births in the population goups
A7: f | B7: Official fertility rate | C7: 2024 | D7: 1.7 | F7: 2.3
B8: Population of age 0 (=births) | C8: {=population!C9} -> 613930 | D8: {=population!D9} -> 223160 | E8: {=population!E9} -> 236773 | F8: {=population!F9} -> 76749 | G8: {=population!G9} -> 77248 | H8: {=population!H9} -> 459933 | I8: {=population!I9} -> 153997 | J8: {=population!J9} -> 299909 | K8: {=population!K9} -> 314021
B9: Population of women of age 15-49 | D9: {=SUM(population!D24:D58)} -> 10974207 | F9: {=SUM(population!F24:F58)} -> 3631738
B10: Factor: fertile women x fertility rate | C10: {=D10+F10} -> 27009149 | D10: {=D9*D7} -> 18656152 | F10: {=F9*F7} -> 8352997.4
A11: f00 | B11: Calculated births by fertility rate | C11: {=H11+I11} -> 613930 | D11: {=(D8+F8)*D10/C10} -> 207157.5 | E11: {=(E8+G8)*D10/C10} -> 216905.15 | F11: {=(D8+F8)*F10/C10} -> 92751.499 | G11: {=(E8+G8)*F10/C10} -> 97115.854 | H11: {=E11+D11} -> 424062.65 | I11: {=G11+F11} -> 189867.35 | J11: {=D11+F11} -> 299909 | K11: {=E11+G11} -> 314021
A13: fs | B13: Source of the data (verbal) | C13: {=IF(C14="","?",C14)&IF(C15="","","; downloaded "&C15)&IF(C16="","","; "&C16)} -> https://www.insee.fr/fr/statistiques/6801884, https://www.insee.fr/fr/statistiques/6793238; downloaded 2026-05-22
B14: URLs, where the data was found | C14: https://www.insee.fr/fr/statistiques/6801884, https://www.insee.fr/fr/statistiques/6793238
B15: Date, when the data was downloaded | C15: 2026-05-22
B16: Manual remarks (not for AI!)
B17: Remarks of the AI (e.g. calculation) | C17: TFR nach lieu de naissance Mutter (INSEE Insee Première 1939, Februar 2023, jüngste publizierte Werte mit immigré-Aufschlüsselung): TFR Native (femmes nées en France) = 1,70; TFR Migrant (femmes immigrées) = 2,30 für 2021. INSEE Bilan démographique 2025 (jüngste Publikation) hat KEINE lieu-de-naissance-Aufschlüsselung; nur Total-ICF (1,56 für 2025; 1,62 für 2024). Methodische Approximation (CLAUDE.md §Fertilität): TFR-immigré wird auf gesamte Migrant-Pop angewendet inkl. Descendants — diese haben faktisch TFR näher an Native, was zu leichter Überschätzung Migrant-Geburten führt. Bewusste Approximation lt. CLAUDE.md, keine Korrektur.
B18: Internal remarks
B20: Births | C20: The values in this section are used to calculate at which age of the mother the children are born
A22: b15 | B22: 15 years and younger age of the mother | C22: {=D22+E22+F22+G22} -> 362.33305 | D22: {=D$11*$H22/$H$57} -> 92.394558 | E22: {=E$11*$H22/$H$57} -> 96.742117 | F22: {=F$11*$I22/$I$57} -> 84.607613 | G22: {=G$11*$I22/$I$57} -> 88.588762 | H22: {=H74} -> 218 | I22: {=I74} -> 157 | J22: {=D22+F22} -> 177.00217 | K22: {=E22+G22} -> 185.33088
A23: b16 | B23: 16 years age of the mother | C23: {=D23+E23+F23+G23} -> 890.84872 | D23: {=D$11*$H23/$H$57} -> 264.89266 | E23: {=E$11*$H23/$H$57} -> 277.35699 | F23: {=F$11*$I23/$I$57} -> 170.29303 | G23: {=G$11*$I23/$I$57} -> 178.30604 | H23: {=H75} -> 625 | I23: {=I75} -> 316 | J23: {=D23+F23} -> 435.18569 | K23: {=E23+G23} -> 455.66303
A24: b17 | B24: 17 years age of the mother | C24: {=D24+E24+F24+G24} -> 1557.399 | D24: {=D$11*$H24/$H$57} -> 508.5939 | E24: {=E$11*$H24/$H$57} -> 532.52542 | F24: {=F$11*$I24/$I$57} -> 252.20613 | G24: {=G$11*$I24/$I$57} -> 264.07351 | H24: {=H76} -> 1200 | I24: {=I76} -> 468 | J24: {=D24+F24} -> 760.80003 | K24: {=E24+G24} -> 796.59892
A25: b18 | B25: 18 years age of the mother | C25: {=D25+E25+F25+G25} -> 2836.6336 | D25: {=D$11*$H25/$H$57} -> 971.83818 | E25: {=E$11*$H25/$H$57} -> 1017.5673 | F25: {=F$11*$I25/$I$57} -> 413.87673 | G25: {=G$11*$I25/$I$57} -> 433.3514 | H25: {=H77} -> 2293 | I25: {=I77} -> 768 | J25: {=D25+F25} -> 1385.7149 | K25: {=E25+G25} -> 1450.9187
A26: b19 | B26: 19 years age of the mother | C26: {=D26+E26+F26+G26} -> 5200.0258 | D26: {=D$11*$H26/$H$57} -> 1830.5142 | E26: {=E$11*$H26/$H$57} -> 1916.6477 | F26: {=F$11*$I26/$I$57} -> 709.73392 | G26: {=G$11*$I26/$I$57} -> 743.12994 | H26: {=H78} -> 4319 | I26: {=I78} -> 1317 | J26: {=D26+F26} -> 2540.2481 | K26: {=E26+G26} -> 2659.7777
A27: b20 | B27: 20 years age of the mother | C27: {=D27+E27+F27+G27} -> 7672.0205 | D27: {=D$11*$H27/$H$57} -> 2618.8348 | E27: {=E$11*$H27/$H$57} -> 2742.0621 | F27: {=F$11*$I27/$I$57} -> 1128.9997 | G27: {=G$11*$I27/$I$57} -> 1182.1239 | H27: {=H79} -> 6179 | I27: {=I79} -> 2095 | J27: {=D27+F27} -> 3747.8344 | K27: {=E27+G27} -> 3924.1861
A28: b21 | B28: 21 years age of the mother | C28: {=D28+E28+F28+G28} -> 10299.551 | D28: {=D$11*$H28/$H$57} -> 3482.5967 | E28: {=E$11*$H28/$H$57} -> 3646.4678 | F28: {=F$11*$I28/$I$57} -> 1548.8043 | G28: {=G$11*$I28/$I$57} -> 1621.6822 | H28: {=H80} -> 8217 | I28: {=I80} -> 2874 | J28: {=D28+F28} -> 5031.4011 | K28: {=E28+G28} -> 5268.15
A29: b22 | B29: 22 years age of the mother | C29: {=D29+E29+F29+G29} -> 12999.474 | D29: {=D$11*$H29/$H$57} -> 4495.9701 | E29: {=E$11*$H29/$H$57} -> 4707.5247 | F29: {=F$11*$I29/$I$57} -> 1854.3618 | G29: {=G$11*$I29/$I$57} -> 1941.6174 | H29: {=H81} -> 10608 | I29: {=I81} -> 3441 | J29: {=D29+F29} -> 6350.3318 | K29: {=E29+G29} -> 6649.1421
A30: b23 | B30: 23 years age of the mother | C30: {=D30+E30+F30+G30} -> 17040.549 | D30: {=D$11*$H30/$H$57} -> 5843.3201 | E30: {=E$11*$H30/$H$57} -> 6118.2733 | F30: {=F$11*$I30/$I$57} -> 2481.1048 | G30: {=G$11*$I30/$I$57} -> 2597.8513 | H30: {=H82} -> 13787 | I30: {=I82} -> 4604 | J30: {=D30+F30} -> 8324.4248 | K30: {=E30+G30} -> 8716.1246
A31: b24 | B31: 24 years age of the mother | C31: {=D31+E31+F31+G31} -> 21059.359 | D31: {=D$11*$H31/$H$57} -> 7127.5197 | E31: {=E$11*$H31/$H$57} -> 7462.8999 | F31: {=F$11*$I31/$I$57} -> 3160.1213 | G31: {=G$11*$I31/$I$57} -> 3308.8185 | H31: {=H83} -> 16817 | I31: {=I83} -> 5864 | J31: {=D31+F31} -> 10287.641 | K31: {=E31+G31} -> 10771.718
A32: b25 | B32: 25 years age of the mother | C32: {=D32+E32+F32+G32} -> 24615.802 | D32: {=D$11*$H32/$H$57} -> 8459.6119 | E32: {=E$11*$H32/$H$57} -> 8857.6728 | F32: {=F$11*$I32/$I$57} -> 3565.3756 | G32: {=G$11*$I32/$I$57} -> 3733.1417 | H32: {=H84} -> 19960 | I32: {=I84} -> 6616 | J32: {=D32+F32} -> 12024.987 | K32: {=E32+G32} -> 12590.814
A33: b26 | B33: 26 years age of the mother | C33: {=D33+E33+F33+G33} -> 29103.139 | D33: {=D$11*$H33/$H$57} -> 9984.5459 | E33: {=E$11*$H33/$H$57} -> 10454.361 | F33: {=F$11*$I33/$I$57} -> 4232.5362 | G33: {=G$11*$I33/$I$57} -> 4431.6952 | H33: {=H85} -> 23558 | I33: {=I85} -> 7854 | J33: {=D33+F33} -> 14217.082 | K33: {=E33+G33} -> 14886.057
... A56: b49 | B56: 49 years and older age of the mother | C56: {=D56+E56+F56+G56} -> 129.83467 | D56: {=D$11*$H56/$H$57} -> 28.396493 | E56: {=E$11*$H56/$H$57} -> 29.732669 | F56: {=F$11*$I56/$I$57} -> 35.028629 | G56: {=G$11*$I56/$I$57} -> 36.676876 | H56: {=H108} -> 67 | I56: {=I108} -> 65 | J56: {=D56+F56} -> 63.425122 | K56: {=E56+G56} -> 66.409545
A57: bt | B57: Total | C57: {=SUM(C22:C56)} -> 613930 | D57: {=SUM(D22:D56)} -> 207157.5 | E57: {=SUM(E22:E56)} -> 216905.15 | F57: {=SUM(F22:F56)} -> 92751.499 | G57: {=SUM(G22:G56)} -> 97115.854 | H57: {=SUM(H22:H56)} -> 488777 | I57: {=SUM(I22:I56)} -> 172112 | J57: {=SUM(J22:J56)} -> 299909 | K57: {=SUM(K22:K56)} -> 314021
A59: bs | B59: Source of the data (verbal) | C59: {=IF(C60="","?",C60)&IF(C61="","","; downloaded "&C61)&IF(C62="","","; "&C62)} -> siehe C14 (TFR-Quelle); ASFR-Shape aus Eurostat demo_facbc 2024; downloaded 2026-05-22
B60: URLs, where the data was found | C60: siehe C14 (TFR-Quelle); ASFR-Shape aus Eurostat demo_facbc 2024
B61: Date, when the data was downloaded | C61: 2026-05-22
B62: Manual remarks (not for AI!)
B63: Remarks of the AI (e.g. calculation) | C63: ASFR-Shape per Mutter-Alter in H74:H108 (Native, c_birth=NAT) und I74:I108 (Migrant, c_birth=FOR) aus Eurostat demo_facbc 2024 (geo=FR; Geburten × Einzelalter Y15-Y49 × c_birth). Eurostat publiziert Single-Year-Ages für FR — direkt übernommen, kein Bin-Disaggregation nötig. Vorlagen-Formel Z. 22-56: D22 = D$11×$H22/$H$57 — H22 = H74 (Pull) → ASFR-Shape normiert sich intern via H22/H57. Die absolute Native-Geburten-Anzahl (H11 = 424.063 für 2024) wird über Top-Block-Formel berechnet: Total-Pop-Age-0 × Native-Birth-Factor-Ratio (D10/C10). Modell-Approximation (CLAUDE.md §Fertilität): TFR-immigré wird auf gesamte Migrant-Pop angewandt inkl. Descendants, die faktisch TFR näher an Native haben — bewusst, keine Korrektur.
B64: Internal remarks
B66: ✏️ | C66: Enter your data below and make sure that you adjust the formulas above, if necessary. If calculations are necessary, use the fields below for it and use formulas in the area above, to fill in the fields above exactly as intended.
B67: Births | C67: Calculation of the births
B68: Use the fields of this row, if numbers for age, natives/migrants are known
B69: Use the fields of this row, if numbers for age are known (but not natives/migrants) | H69: {=J69*H$11/$C$11} -> 0 | I69: {=J69*I$11/$C$11} -> 0
B70: Use the fields of this row, if numbers for natives/migrants are known (but not age) | H70: {=H$72*$L70} -> 0 | I70: {=I$72*$L70} -> 0
B71: Use the fields of this row, if only the total of births is known | H71: {=J71*H$11/$C$11} -> 0 | I71: {=J71*I$11/$C$11} -> 0 | J71: {=L71*J$11/$C$11} -> 0
B72: If no age specific numbers are found enter the available values here
B74: 15 years and younger age of the mother | H74: 218 | I74: 157 | L74: 0.0007836476
B75: 16 years age of the mother | H75: 625 | I75: 316 | L75: 0.0013100234
B76: 17 years age of the mother | H76: 1200 | I76: 468 | L76: 0.002122817
B77: 18 years age of the mother | H77: 2293 | I77: 768 | L77: 0.0033344277
B78: 19 years age of the mother | H78: 4319 | I78: 1317 | L78: 0.0050769784
B79: 20 years age of the mother | H79: 6179 | I79: 2095 | L79: 0.0074931527
B80: 21 years age of the mother | H80: 8217 | I80: 2874 | L80: 0.010720107
B81: 22 years age of the mother | H81: 10608 | I81: 3441 | L81: 0.014866506
B82: 23 years age of the mother | H82: 13787 | I82: 4604 | L82: 0.01998453
B83: 24 years age of the mother | H83: 16817 | I83: 5864 | L83: 0.026040796
B84: 25 years age of the mother | H84: 19960 | I84: 6616 | L84: 0.032891964
B85: 26 years age of the mother | H85: 23558 | I85: 7854 | L85: 0.040271762
... B108: 49 years and older age of the mother | H108: 67 | I108: 65 | L108: 0.0007836475
L109: {=SUM(L74:L108)} -> 1

Sheet deaths
A1: deaths
C2: aa | D2: nf | E2: nm | F2: mf | G2: mm | H2: na | I2: ma | J2: af | K2: am
B3: {=overview!C11&" / "&overview!C12} -> FR / France | C3: All | D3: Native Female | E3: Native Male | F3: Migrant Female | G3: Migrant Male | H3: Utility Native Male + Female | I3: Utility Migrant Male + Female | J3: Utility All Female | K3: Utility All Male | L3: Utility Other
B4: ⚠️ | C4: Do not add or delete lines until the next dark grey row below! The fields below are the fields used in other sheets and in the calculation. The address of these fields and their contents must remain always the same, so we can add calculations later!
B5: Deaths | C5: This table is needed to calculate the Leslie matrix
A7: d00 | B7: 0 years age of the deceased | C7: 2024 | D7: {=D119} -> 891 | E7: {=E119} -> 1141 | F7: {=F119} -> 306 | G7: {=G119} -> 372 | H7: {=E7+D7} -> 2032 | I7: {=G7+F7} -> 678 | J7: {=D7+F7} -> 1197 | K7: {=E7+G7} -> 1513
A8: d01 | B8: 1 years age of the deceased | C8: {=H8+I8} -> 190 | D8: {=D120} -> 67 | E8: {=E120} -> 75 | F8: {=F120} -> 23 | G8: {=G120} -> 25 | H8: {=E8+D8} -> 142 | I8: {=G8+F8} -> 48 | J8: {=D8+F8} -> 90 | K8: {=E8+G8} -> 100
A9: d02 | B9: 2 years age of the deceased | C9: {=H9+I9} -> 134 | D9: {=D121} -> 42 | E9: {=E121} -> 58 | F9: {=F121} -> 15 | G9: {=G121} -> 19 | H9: {=E9+D9} -> 100 | I9: {=G9+F9} -> 34 | J9: {=D9+F9} -> 57 | K9: {=E9+G9} -> 77
A10: d03 | B10: 3 years age of the deceased | C10: {=H10+I10} -> 87 | D10: {=D122} -> 23 | E10: {=E122} -> 42 | F10: {=F122} -> 8 | G10: {=G122} -> 14 | H10: {=E10+D10} -> 65 | I10: {=G10+F10} -> 22 | J10: {=D10+F10} -> 31 | K10: {=E10+G10} -> 56
A11: d04 | B11: 4 years age of the deceased | C11: {=H11+I11} -> 98 | D11: {=D123} -> 31 | E11: {=E123} -> 42 | F11: {=F123} -> 11 | G11: {=G123} -> 14 | H11: {=E11+D11} -> 73 | I11: {=G11+F11} -> 25 | J11: {=D11+F11} -> 42 | K11: {=E11+G11} -> 56
A12: d05 | B12: 5 years age of the deceased | C12: {=H12+I12} -> 65 | D12: {=D124} -> 23 | E12: {=E124} -> 26 | F12: {=F124} -> 8 | G12: {=G124} -> 8 | H12: {=E12+D12} -> 49 | I12: {=G12+F12} -> 16 | J12: {=D12+F12} -> 31 | K12: {=E12+G12} -> 34
A13: d06 | B13: 6 years age of the deceased | C13: {=H13+I13} -> 66 | D13: {=D125} -> 21 | E13: {=E125} -> 29 | F13: {=F125} -> 7 | G13: {=G125} -> 9 | H13: {=E13+D13} -> 50 | I13: {=G13+F13} -> 16 | J13: {=D13+F13} -> 28 | K13: {=E13+G13} -> 38
A14: d07 | B14: 7 years age of the deceased | C14: {=H14+I14} -> 60 | D14: {=D126} -> 24 | E14: {=E126} -> 21 | F14: {=F126} -> 8 | G14: {=G126} -> 7 | H14: {=E14+D14} -> 45 | I14: {=G14+F14} -> 15 | J14: {=D14+F14} -> 32 | K14: {=E14+G14} -> 28
A15: d08 | B15: 8 years age of the deceased | C15: {=H15+I15} -> 65 | D15: {=D127} -> 22 | E15: {=E127} -> 26 | F15: {=F127} -> 8 | G15: {=G127} -> 9 | H15: {=E15+D15} -> 48 | I15: {=G15+F15} -> 17 | J15: {=D15+F15} -> 30 | K15: {=E15+G15} -> 35
A16: d09 | B16: 9 years age of the deceased | C16: {=H16+I16} -> 52 | D16: {=D128} -> 15 | E16: {=E128} -> 24 | F16: {=F128} -> 5 | G16: {=G128} -> 8 | H16: {=E16+D16} -> 39 | I16: {=G16+F16} -> 13 | J16: {=D16+F16} -> 20 | K16: {=E16+G16} -> 32
A17: d10 | B17: 10 years age of the deceased | C17: {=H17+I17} -> 74 | D17: {=D129} -> 28 | E17: {=E129} -> 28 | F17: {=F129} -> 9 | G17: {=G129} -> 9 | H17: {=E17+D17} -> 56 | I17: {=G17+F17} -> 18 | J17: {=D17+F17} -> 37 | K17: {=E17+G17} -> 37
A18: d11 | B18: 11 years age of the deceased | C18: {=H18+I18} -> 62 | D18: {=D130} -> 20 | E18: {=E130} -> 26 | F18: {=F130} -> 7 | G18: {=G130} -> 9 | H18: {=E18+D18} -> 46 | I18: {=G18+F18} -> 16 | J18: {=D18+F18} -> 27 | K18: {=E18+G18} -> 35
A19: d12 | B19: 12 years age of the deceased | C19: {=H19+I19} -> 74 | D19: {=D131} -> 19 | E19: {=E131} -> 36 | F19: {=F131} -> 7 | G19: {=G131} -> 12 | H19: {=E19+D19} -> 55 | I19: {=G19+F19} -> 19 | J19: {=D19+F19} -> 26 | K19: {=E19+G19} -> 48
... A106: d99 | B106: 99 years and older age of the deceased | C106: {=H106+I106} -> 21142 | D106: {=D218} -> 15113 | E106: {=E218} -> 2573 | F106: {=F218} -> 2283 | G106: {=G218} -> 1173 | H106: {=E106+D106} -> 17686 | I106: {=G106+F106} -> 3456 | J106: {=D106+F106} -> 17396 | K106: {=E106+G106} -> 3746
A107: dt | B107: Total | C107: {=SUM(C7:C106)} -> 642646 | D107: {=SUM(D7:D106)} -> 274220 | E107: {=SUM(E7:E106)} -> 258536 | F107: {=SUM(F7:F106)} -> 47991 | G107: {=SUM(G7:G106)} -> 62585 | H107: {=SUM(H7:H106)} -> 532756 | I107: {=SUM(I7:I106)} -> 110576 | J107: {=D107+F107} -> 322211 | K107: {=E107+G107} -> 321121
A109: ds | B109: Source of the data (verbal) | C109: {=IF(C110="","?",C110)&IF(C111="","","; downloaded "&C111)&IF(C112="","","; "&C112)} -> https://ec.europa.eu/eurostat/databrowser/view/demo_magec; downloaded 2026-05-22
B110: URLs, where the data was found | C110: https://ec.europa.eu/eurostat/databrowser/view/demo_magec
B111: Date, when the data was downloaded | C111: 2026-05-22
B112: Manual remarks (not for AI!)
B113: Remarks of the AI (e.g. calculation) | C113: Sterbefälle aus Eurostat demo_magec 2024 (geo=FR, Einzelalter × Sex). Total 2024 ≈ 643,332. NAT/MIG-Split (CLAUDE.md §Sterbe): anteilig zur calibrated Pop-Altersstruktur Native/Migrant pro Alter × Sex (einheitliche Sterbetafel, gleiche Mortalität für Native und Migrant). Modellannahme: Healthy-Migrant-Effekt nicht modelliert (CLAUDE.md-konform; in Realität haben Migranten jüngerer Alter günstigere Sterberaten).
B114: Internal remarks
B116: ✏️ | C116: Enter your data below and make sure that you adjust the formulas above, if necessary. If calculations are necessary, use the fields below for it and use formulas in the area above, to fill in the fields above exactly as intended.
B117: Deaths | C117: Calculation of the deaths
B119: 0 years | D119: 891 | E119: 1141 | F119: 306 | G119: 372
B120: 1 years | D120: 67 | E120: 75 | F120: 23 | G120: 25
B121: 2 years | D121: 42 | E121: 58 | F121: 15 | G121: 19
B122: 3 years | D122: 23 | E122: 42 | F122: 8 | G122: 14
B123: 4 years | D123: 31 | E123: 42 | F123: 11 | G123: 14
B124: 5 years | D124: 23 | E124: 26 | F124: 8 | G124: 8
B125: 6 years | D125: 21 | E125: 29 | F125: 7 | G125: 9
B126: 7 years | D126: 24 | E126: 21 | F126: 8 | G126: 7
B127: 8 years | D127: 22 | E127: 26 | F127: 8 | G127: 9
B128: 9 years | D128: 15 | E128: 24 | F128: 5 | G128: 8
B129: 10 years | D129: 28 | E129: 28 | F129: 9 | G129: 9
B130: 11 years | D130: 20 | E130: 26 | F130: 7 | G130: 9
... B218: 99 years and older | D218: 15113 | E218: 2573 | F218: 2283 | G218: 1173

Sheet migration
A1: migration
C2: aa | D2: nf | E2: nm | F2: mf | G2: mm | H2: na | I2: ma | J2: af | K2: am
B3: {=overview!C11&" / "&overview!C12} -> FR / France | C3: All | D3: Native Female | E3: Native Male | F3: Migrant Female | G3: Migrant Male | H3: Utility Native Male + Female | I3: Utility Migrant Male + Female | J3: Utility All Female | K3: Utility All Male | L3: Utility Other
B4: ⚠️ | C4: Do not add or delete lines until the next dark grey row below! The fields below are the fields used in other sheets and in the calculation. The address of these fields and their contents must remain always the same, so we can add calculations later!
B5: Migration balance | C5: This is the total of immigrations (into the country) minus emigration (out of the country)
B7: Year of the last migration numbers | C7: 2024
A9: ma | B9: Avarage migration balance (10 years) | C9: {=H9+I9} -> 126035.2 | D9: {=D199-D286} -> -36574.7 | E9: {=E199-E286} -> -33925 | F9: {=F199-F286} -> 99975.4 | G9: {=G199-G286} -> 96559.5 | H9: {=E9+D9} -> -70499.7 | I9: {=G9+F9} -> 196534.9 | J9: {=D9+F9} -> 63400.7 | K9: {=E9+G9} -> 62634.5
A11: m00 | B11: 0 years | C11: {=H11+I11} -> 0 | D11: {=D$9*$L11} -> 0 | E11: {=E$9*$L11} -> 0 | F11: {=F$9*$L11} -> 0 | G11: {=G$9*$L11} -> 0 | H11: {=E11+D11} -> 0 | I11: {=G11+F11} -> 0 | J11: {=D11+F11} -> 0 | K11: {=E11+G11} -> 0
A12: m01 | B12: 1 years | C12: {=H12+I12} -> 0 | D12: {=D$9*$L12} -> 0 | E12: {=E$9*$L12} -> 0 | F12: {=F$9*$L12} -> 0 | G12: {=G$9*$L12} -> 0 | H12: {=E12+D12} -> 0 | I12: {=G12+F12} -> 0 | J12: {=D12+F12} -> 0 | K12: {=E12+G12} -> 0
A13: m02 | B13: 2 years | C13: {=H13+I13} -> 0 | D13: {=D$9*$L13} -> 0 | E13: {=E$9*$L13} -> 0 | F13: {=F$9*$L13} -> 0 | G13: {=G$9*$L13} -> 0 | H13: {=E13+D13} -> 0 | I13: {=G13+F13} -> 0 | J13: {=D13+F13} -> 0 | K13: {=E13+G13} -> 0
A14: m03 | B14: 3 years | C14: {=H14+I14} -> 0 | D14: {=D$9*$L14} -> 0 | E14: {=E$9*$L14} -> 0 | F14: {=F$9*$L14} -> 0 | G14: {=G$9*$L14} -> 0 | H14: {=E14+D14} -> 0 | I14: {=G14+F14} -> 0 | J14: {=D14+F14} -> 0 | K14: {=E14+G14} -> 0
A15: m04 | B15: 4 years | C15: {=H15+I15} -> 0 | D15: {=D$9*$L15} -> 0 | E15: {=E$9*$L15} -> 0 | F15: {=F$9*$L15} -> 0 | G15: {=G$9*$L15} -> 0 | H15: {=E15+D15} -> 0 | I15: {=G15+F15} -> 0 | J15: {=D15+F15} -> 0 | K15: {=E15+G15} -> 0
A16: m05 | B16: 5 years | C16: {=H16+I16} -> 15.71819 | D16: {=D$9*$L16} -> -4.5613296 | E16: {=E$9*$L16} -> -4.2308783 | F16: {=F$9*$L16} -> 12.468202 | G16: {=G$9*$L16} -> 12.042196 | H16: {=E16+D16} -> -8.7922079 | I16: {=G16+F16} -> 24.510398 | J16: {=D16+F16} -> 7.9068725 | K16: {=E16+G16} -> 7.8113176 | L16: 0.0001247127
A17: m06 | B17: 6 years | C17: {=H17+I17} -> 25.651831 | D17: {=D$9*$L17} -> -7.4440158 | E17: {=E$9*$L17} -> -6.9047247 | F17: {=F$9*$L17} -> 20.347903 | G17: {=G$9*$L17} -> 19.652668 | H17: {=E17+D17} -> -14.34874 | I17: {=G17+F17} -> 40.000571 | J17: {=D17+F17} -> 12.903887 | K17: {=E17+G17} -> 12.747943 | L17: 0.0002035291
A18: m07 | B18: 7 years | C18: {=H18+I18} -> 41.017652 | D18: {=D$9*$L18} -> -11.90309 | E18: {=E$9*$L18} -> -11.040756 | F18: {=F$9*$L18} -> 32.536594 | G18: {=G$9*$L18} -> 31.424903 | H18: {=E18+D18} -> -22.943845 | I18: {=G18+F18} -> 63.961497 | J18: {=D18+F18} -> 20.633504 | K18: {=E18+G18} -> 20.384147 | L18: 0.000325446
A19: m08 | B19: 8 years | C19: {=H19+I19} -> 64.262878 | D19: {=D$9*$L19} -> -18.648723 | E19: {=E$9*$L19} -> -17.297693 | F19: {=F$9*$L19} -> 50.975497 | G19: {=G$9*$L19} -> 49.233796 | H19: {=E19+D19} -> -35.946415 | I19: {=G19+F19} -> 100.20929 | J19: {=D19+F19} -> 32.326774 | K19: {=E19+G19} -> 31.936104 | L19: 0.0005098804
A20: m09 | B20: 9 years | C20: {=H20+I20} -> 98.647562 | D20: {=D$9*$L20} -> -28.626963 | E20: {=E$9*$L20} -> -26.553047 | F20: {=F$9*$L20} -> 78.250596 | G20: {=G$9*$L20} -> 75.576976 | H20: {=E20+D20} -> -55.180009 | I20: {=G20+F20} -> 153.82757 | J20: {=D20+F20} -> 49.623633 | K20: {=E20+G20} -> 49.023929 | L20: 0.0007826985
A21: m10 | B21: 10 years | C21: {=H21+I21} -> 148.37113 | D21: {=D$9*$L21} -> -43.056461 | E21: {=E$9*$L21} -> -39.937182 | F21: {=F$9*$L21} -> 117.69302 | G21: {=G$9*$L21} -> 113.67176 | H21: {=E21+D21} -> -82.993643 | I21: {=G21+F21} -> 231.36478 | J21: {=D21+F21} -> 74.636559 | K21: {=E21+G21} -> 73.734574 | L21: 0.0011772198
A22: m11 | B22: 11 years | C22: {=H22+I22} -> 218.64992 | D22: {=D$9*$L22} -> -63.450967 | E22: {=E$9*$L22} -> -58.854182 | F22: {=F$9*$L22} -> 173.44054 | G22: {=G$9*$L22} -> 167.51453 | H22: {=E22+D22} -> -122.30515 | I22: {=G22+F22} -> 340.95507 | J22: {=D22+F22} -> 109.98958 | K22: {=E22+G22} -> 108.66035 | L22: 0.0017348322
A23: m12 | B23: 12 years | C23: {=H23+I23} -> 315.70835 | D23: {=D$9*$L23} -> -91.616771 | E23: {=E$9*$L23} -> -84.979479 | F23: {=F$9*$L23} -> 250.43058 | G23: {=G$9*$L23} -> 241.87402 | H23: {=E23+D23} -> -176.59625 | I23: {=G23+F23} -> 492.30459 | J23: {=D23+F23} -> 158.81381 | K23: {=E23+G23} -> 156.89454 | L23: 0.002504922
A24: m13 | B24: 13 years | C24: {=H24+I24} -> 446.6421 | D24: {=D$9*$L24} -> -129.613 | E24: {=E$9*$L24} -> -120.22303 | F24: {=F$9*$L24} -> 354.29168 | G24: {=G$9*$L24} -> 342.18646 | H24: {=E24+D24} -> -249.83603 | I24: {=G24+F24} -> 696.47814 | J24: {=D24+F24} -> 224.67868 | K24: {=E24+G24} -> 221.96343 | L24: 0.0035437886
A25: m14 | B25: 14 years | C25: {=H25+I25} -> 619.11326 | D25: {=D$9*$L25} -> -179.66316 | E25: {=E$9*$L25} -> -166.64723 | F25: {=F$9*$L25} -> 491.10166 | G25: {=G$9*$L25} -> 474.32199 | H25: {=E25+D25} -> -346.31039 | I25: {=G25+F25} -> 965.42365 | J25: {=D25+F25} -> 311.4385 | K25: {=E25+G25} -> 307.67476 | L25: 0.004912225
A26: m15 | B26: 15 years | C26: {=H26+I26} -> 840.84781 | D26: {=D$9*$L26} -> -244.00926 | E26: {=E$9*$L26} -> -226.33171 | F26: {=F$9*$L26} -> 666.98903 | G26: {=G$9*$L26} -> 644.19975 | H26: {=E26+D26} -> -470.34097 | I26: {=G26+F26} -> 1311.1888 | J26: {=D26+F26} -> 422.97977 | K26: {=E26+G26} -> 417.86804 | L26: 0.0066715315
A27: m16 | B27: 16 years | C27: {=H27+I27} -> 1118.9264 | D27: {=D$9*$L27} -> -324.7061 | E27: {=E$9*$L27} -> -301.18236 | F27: {=F$9*$L27} -> 887.57043 | G27: {=G$9*$L27} -> 857.24446 | H27: {=E27+D27} -> -625.88846 | I27: {=G27+F27} -> 1744.8149 | J27: {=D27+F27} -> 562.86433 | K27: {=E27+G27} -> 556.06209 | L27: 0.0088778883
... A65: m54 | B65: 54 years | C65: {=H65+I65} -> 15.71819 | D65: {=D$9*$L65} -> -4.5613296 | E65: {=E$9*$L65} -> -4.2308783 | F65: {=F$9*$L65} -> 12.468202 | G65: {=G$9*$L65} -> 12.042196 | H65: {=E65+D65} -> -8.7922079 | I65: {=G65+F65} -> 24.510398 | J65: {=D65+F65} -> 7.9068725 | K65: {=E65+G65} -> 7.8113176 | L65: 0.0001247127
A66: m55 | B66: 55 years | C66: {=H66+I66} -> 0 | D66: {=D$9*$L66} -> 0 | E66: {=E$9*$L66} -> 0 | F66: {=F$9*$L66} -> 0 | G66: {=G$9*$L66} -> 0 | H66: {=E66+D66} -> 0 | I66: {=G66+F66} -> 0 | J66: {=D66+F66} -> 0 | K66: {=E66+G66} -> 0
A67: m56 | B67: 56 years | C67: {=H67+I67} -> 0 | D67: {=D$9*$L67} -> 0 | E67: {=E$9*$L67} -> 0 | F67: {=F$9*$L67} -> 0 | G67: {=G$9*$L67} -> 0 | H67: {=E67+D67} -> 0 | I67: {=G67+F67} -> 0 | J67: {=D67+F67} -> 0 | K67: {=E67+G67} -> 0
A68: m57 | B68: 57 years | C68: {=H68+I68} -> 0 | D68: {=D$9*$L68} -> 0 | E68: {=E$9*$L68} -> 0 | F68: {=F$9*$L68} -> 0 | G68: {=G$9*$L68} -> 0 | H68: {=E68+D68} -> 0 | I68: {=G68+F68} -> 0 | J68: {=D68+F68} -> 0 | K68: {=E68+G68} -> 0
A69: m58 | B69: 58 years | C69: {=H69+I69} -> 0 | D69: {=D$9*$L69} -> 0 | E69: {=E$9*$L69} -> 0 | F69: {=F$9*$L69} -> 0 | G69: {=G$9*$L69} -> 0 | H69: {=E69+D69} -> 0 | I69: {=G69+F69} -> 0 | J69: {=D69+F69} -> 0 | K69: {=E69+G69} -> 0
A70: m59 | B70: 59 years | C70: {=H70+I70} -> 0 | D70: {=D$9*$L70} -> 0 | E70: {=E$9*$L70} -> 0 | F70: {=F$9*$L70} -> 0 | G70: {=G$9*$L70} -> 0 | H70: {=E70+D70} -> 0 | I70: {=G70+F70} -> 0 | J70: {=D70+F70} -> 0 | K70: {=E70+G70} -> 0
A71: m60 | B71: 60 years | C71: {=H71+I71} -> 0 | D71: {=D$9*$L71} -> 0 | E71: {=E$9*$L71} -> 0 | F71: {=F$9*$L71} -> 0 | G71: {=G$9*$L71} -> 0 | H71: {=E71+D71} -> 0 | I71: {=G71+F71} -> 0 | J71: {=D71+F71} -> 0 | K71: {=E71+G71} -> 0
A72: m61 | B72: 61 years | C72: {=H72+I72} -> 0 | D72: {=D$9*$L72} -> 0 | E72: {=E$9*$L72} -> 0 | F72: {=F$9*$L72} -> 0 | G72: {=G$9*$L72} -> 0 | H72: {=E72+D72} -> 0 | I72: {=G72+F72} -> 0 | J72: {=D72+F72} -> 0 | K72: {=E72+G72} -> 0
A73: m62 | B73: 62 years | C73: {=H73+I73} -> 0 | D73: {=D$9*$L73} -> 0 | E73: {=E$9*$L73} -> 0 | F73: {=F$9*$L73} -> 0 | G73: {=G$9*$L73} -> 0 | H73: {=E73+D73} -> 0 | I73: {=G73+F73} -> 0 | J73: {=D73+F73} -> 0 | K73: {=E73+G73} -> 0
A74: m63 | B74: 63 years | C74: {=H74+I74} -> 0 | D74: {=D$9*$L74} -> 0 | E74: {=E$9*$L74} -> 0 | F74: {=F$9*$L74} -> 0 | G74: {=G$9*$L74} -> 0 | H74: {=E74+D74} -> 0 | I74: {=G74+F74} -> 0 | J74: {=D74+F74} -> 0 | K74: {=E74+G74} -> 0
A75: m64 | B75: 64 years | C75: {=H75+I75} -> 0 | D75: {=D$9*$L75} -> 0 | E75: {=E$9*$L75} -> 0 | F75: {=F$9*$L75} -> 0 | G75: {=G$9*$L75} -> 0 | H75: {=E75+D75} -> 0 | I75: {=G75+F75} -> 0 | J75: {=D75+F75} -> 0 | K75: {=E75+G75} -> 0
A76: m65 | B76: 65 years | C76: {=H76+I76} -> 0 | D76: {=D$9*$L76} -> 0 | E76: {=E$9*$L76} -> 0 | F76: {=F$9*$L76} -> 0 | G76: {=G$9*$L76} -> 0 | H76: {=E76+D76} -> 0 | I76: {=G76+F76} -> 0 | J76: {=D76+F76} -> 0 | K76: {=E76+G76} -> 0
A77: m66 | B77: 66 years | C77: {=H77+I77} -> 0 | D77: {=D$9*$L77} -> 0 | E77: {=E$9*$L77} -> 0 | F77: {=F$9*$L77} -> 0 | G77: {=G$9*$L77} -> 0 | H77: {=E77+D77} -> 0 | I77: {=G77+F77} -> 0 | J77: {=D77+F77} -> 0 | K77: {=E77+G77} -> 0
... A110: m99 | B110: 99 years and older | C110: {=H110+I110} -> 0 | D110: {=D$9*$L110} -> 0 | E110: {=E$9*$L110} -> 0 | F110: {=F$9*$L110} -> 0 | G110: {=G$9*$L110} -> 0 | H110: {=E110+D110} -> 0 | I110: {=G110+F110} -> 0 | J110: {=D110+F110} -> 0 | K110: {=E110+G110} -> 0
A111: mt | B111: Total | C111: {=SUM(C11:C110)} -> 126035.2 | D111: {=SUM(D11:D110)} -> -36574.7 | E111: {=SUM(E11:E110)} -> -33925 | F111: {=SUM(F11:F110)} -> 99975.4 | G111: {=SUM(G11:G110)} -> 96559.5 | H111: {=SUM(H11:H110)} -> -70499.7 | I111: {=SUM(I11:I110)} -> 196534.9 | J111: {=D111+F111} -> 63400.7 | K111: {=E111+G111} -> 62634.5
A113: ms | B113: Source of the data (verbal) | C113: {=IF(C114="","?",C114)&IF(C115="","","; downloaded "&C115)&IF(C116="","","; "&C116)} -> Enter URLs here, if you have multiple URLs seperate them with a comma; downloaded yyyy-MM-dd; we used the 10-year average number of the migration balance (2015-2024); the numbers are binomially distributed between the age of 5 and 54
B114: URLs, where the data was found | C114: Enter URLs here, if you have multiple URLs seperate them with a comma
B115: Date, when the data was downloaded | C115: yyyy-MM-dd
B116: Manual remarks (not for AI!) | C116: we used the 10-year average number of the migration balance (2015-2024); the numbers are binomially distributed between the age of 5 and 54
B117: Remarks of the AI (e.g. calculation)
B118: Internal remarks
B120: ✏️ | C120: Enter your data below and make sure that you adjust the formulas above, if necessary. If calculations are necessary, use the fields below for it and use formulas in the area above, to fill in the fields above exactly as intended.
B121: Immigration | C121: Fill in the numbers of people immigrating into this country here. For the calculation only the last 10 years are relevant. But we need the older values for later so we can calculate the numbers more correctly.
B123: {=$B124-1} -> 1949 | C123: {=H123+I123} -> 0 | F123: {=J123-D123} -> 0 | G123: {=K123-E123} -> 0 | H123: {=E123+D123} -> 0 | I123: {=G123+F123} -> 0 | L123: 0.041870609
B124: {=$B125-1} -> 1950 | C124: {=H124+I124} -> 0 | F124: {=J124-D124} -> 0 | G124: {=K124-E124} -> 0 | H124: {=E124+D124} -> 0 | I124: {=G124+F124} -> 0 | L124: 0.046368713
B125: {=$B126-1} -> 1951 | C125: {=H125+I125} -> 0 | F125: {=J125-D125} -> 0 | G125: {=K125-E125} -> 0 | H125: {=E125+D125} -> 0 | I125: {=G125+F125} -> 0 | L125: 0.050312704
B126: {=$B127-1} -> 1952 | C126: {=H126+I126} -> 0 | F126: {=J126-D126} -> 0 | G126: {=K126-E126} -> 0 | H126: {=E126+D126} -> 0 | I126: {=G126+F126} -> 0 | L126: 0.053489325
B127: {=$B128-1} -> 1953 | C127: {=H127+I127} -> 0 | F127: {=J127-D127} -> 0 | G127: {=K127-E127} -> 0 | H127: {=E127+D127} -> 0 | I127: {=G127+F127} -> 0 | L127: 0.055717731
B128: {=$B129-1} -> 1954 | C128: {=H128+I128} -> 0 | F128: {=J128-D128} -> 0 | G128: {=K128-E128} -> 0 | H128: {=E128+D128} -> 0 | I128: {=G128+F128} -> 0 | L128: 0.05686651
B129: {=$B130-1} -> 1955 | C129: {=H129+I129} -> 0 | F129: {=J129-D129} -> 0 | G129: {=K129-E129} -> 0 | H129: {=E129+D129} -> 0 | I129: {=G129+F129} -> 0 | L129: 0.05686651
B130: {=$B131-1} -> 1956 | C130: {=H130+I130} -> 0 | F130: {=J130-D130} -> 0 | G130: {=K130-E130} -> 0 | H130: {=E130+D130} -> 0 | I130: {=G130+F130} -> 0 | L130: 0.055717731
B131: {=$B132-1} -> 1957 | C131: {=H131+I131} -> 0 | F131: {=J131-D131} -> 0 | G131: {=K131-E131} -> 0 | H131: {=E131+D131} -> 0 | I131: {=G131+F131} -> 0 | L131: 0.053489325
B132: {=$B133-1} -> 1958 | C132: {=H132+I132} -> 0 | F132: {=J132-D132} -> 0 | G132: {=K132-E132} -> 0 | H132: {=E132+D132} -> 0 | I132: {=G132+F132} -> 0 | L132: 0.050312704
B133: {=$B134-1} -> 1959 | C133: {=H133+I133} -> 0 | F133: {=J133-D133} -> 0 | G133: {=K133-E133} -> 0 | H133: {=E133+D133} -> 0 | I133: {=G133+F133} -> 0 | L133: 0.046368713
B134: {=$B135-1} -> 1960 | C134: {=H134+I134} -> 0 | F134: {=J134-D134} -> 0 | G134: {=K134-E134} -> 0 | H134: {=E134+D134} -> 0 | I134: {=G134+F134} -> 0 | L134: 0.041870609
... B153: {=$B154-1} -> 1979 | C153: {=H153+I153} -> 0 | F153: {=J153-D153} -> 0 | G153: {=K153-E153} -> 0 | H153: {=E153+D153} -> 0 | I153: {=G153+F153} -> 0 | L153: 0.0001247127
B154: {=$B155-1} -> 1980 | C154: {=H154+I154} -> 0 | F154: {=J154-D154} -> 0 | G154: {=K154-E154} -> 0 | H154: {=E154+D154} -> 0 | I154: {=G154+F154} -> 0
B155: {=$B156-1} -> 1981 | C155: {=H155+I155} -> 0 | F155: {=J155-D155} -> 0 | G155: {=K155-E155} -> 0 | H155: {=E155+D155} -> 0 | I155: {=G155+F155} -> 0
B156: {=$B157-1} -> 1982 | C156: {=H156+I156} -> 0 | F156: {=J156-D156} -> 0 | G156: {=K156-E156} -> 0 | H156: {=E156+D156} -> 0 | I156: {=G156+F156} -> 0
B157: {=$B158-1} -> 1983 | C157: {=H157+I157} -> 0 | F157: {=J157-D157} -> 0 | G157: {=K157-E157} -> 0 | H157: {=E157+D157} -> 0 | I157: {=G157+F157} -> 0
B158: {=$B159-1} -> 1984 | C158: {=H158+I158} -> 0 | F158: {=J158-D158} -> 0 | G158: {=K158-E158} -> 0 | H158: {=E158+D158} -> 0 | I158: {=G158+F158} -> 0
B159: {=$B160-1} -> 1985 | C159: {=H159+I159} -> 0 | F159: {=J159-D159} -> 0 | G159: {=K159-E159} -> 0 | H159: {=E159+D159} -> 0 | I159: {=G159+F159} -> 0
B160: {=$B161-1} -> 1986 | C160: {=H160+I160} -> 0 | F160: {=J160-D160} -> 0 | G160: {=K160-E160} -> 0 | H160: {=E160+D160} -> 0 | I160: {=G160+F160} -> 0
B161: {=$B162-1} -> 1987 | C161: {=H161+I161} -> 0 | F161: {=J161-D161} -> 0 | G161: {=K161-E161} -> 0 | H161: {=E161+D161} -> 0 | I161: {=G161+F161} -> 0
B162: {=$B163-1} -> 1988 | C162: {=H162+I162} -> 0 | F162: {=J162-D162} -> 0 | G162: {=K162-E162} -> 0 | H162: {=E162+D162} -> 0 | I162: {=G162+F162} -> 0
B163: {=$B164-1} -> 1989 | C163: {=H163+I163} -> 0 | F163: {=J163-D163} -> 0 | G163: {=K163-E163} -> 0 | H163: {=E163+D163} -> 0 | I163: {=G163+F163} -> 0
B164: {=$B165-1} -> 1990 | C164: {=H164+I164} -> 0 | F164: {=J164-D164} -> 0 | G164: {=K164-E164} -> 0 | H164: {=E164+D164} -> 0 | I164: {=G164+F164} -> 0
B165: {=$B166-1} -> 1991 | C165: {=H165+I165} -> 0 | F165: {=J165-D165} -> 0 | G165: {=K165-E165} -> 0 | H165: {=E165+D165} -> 0 | I165: {=G165+F165} -> 0
... B179: {=$B180-1} -> 2005 | C179: {=H179+I179} -> 0 | F179: {=J179-D179} -> 0 | G179: {=K179-E179} -> 0 | H179: {=E179+D179} -> 0 | I179: {=G179+F179} -> 0
B180: {=$B181-1} -> 2006 | C180: {=H180+I180} -> 288000 | D180: 40000 | E180: 40000 | F180: {=J180-D180} -> 104000 | G180: {=K180-E180} -> 104000 | H180: {=E180+D180} -> 80000 | I180: {=G180+F180} -> 208000 | J180: 144000 | K180: 144000
B181: {=$B182-1} -> 2007 | C181: {=H181+I181} -> 272000 | D181: 34500 | E181: 34500 | F181: {=J181-D181} -> 101500 | G181: {=K181-E181} -> 101500 | H181: {=E181+D181} -> 69000 | I181: {=G181+F181} -> 203000 | J181: 136000 | K181: 136000
B182: {=$B183-1} -> 2008 | C182: {=H182+I182} -> 272000 | D182: 33000 | E182: 33000 | F182: {=J182-D182} -> 103000 | G182: {=K182-E182} -> 103000 | H182: {=E182+D182} -> 66000 | I182: {=G182+F182} -> 206000 | J182: 136000 | K182: 136000
B183: {=$B184-1} -> 2009 | C183: {=H183+I183} -> 270000 | D183: 33000 | E183: 33000 | F183: {=J183-D183} -> 102000 | G183: {=K183-E183} -> 102000 | H183: {=E183+D183} -> 66000 | I183: {=G183+F183} -> 204000 | J183: 135000 | K183: 135000
B184: {=$B185-1} -> 2010 | C184: {=H184+I184} -> 308000 | D184: 48500 | E184: 48500 | F184: {=J184-D184} -> 105500 | G184: {=K184-E184} -> 105500 | H184: {=E184+D184} -> 97000 | I184: {=G184+F184} -> 211000 | J184: 154000 | K184: 154000
B185: {=$B186-1} -> 2011 | C185: {=H185+I185} -> 320000 | D185: 51500 | E185: 51500 | F185: {=J185-D185} -> 108500 | G185: {=K185-E185} -> 108500 | H185: {=E185+D185} -> 103000 | I185: {=G185+F185} -> 217000 | J185: 160000 | K185: 160000
B186: {=$B187-1} -> 2012 | C186: {=H186+I186} -> 327000 | D186: 49000 | E186: 49000 | F186: {=J186-D186} -> 114500 | G186: {=K186-E186} -> 114500 | H186: {=E186+D186} -> 98000 | I186: {=G186+F186} -> 229000 | J186: 163500 | K186: 163500
B187: {=$B188-1} -> 2013 | C187: {=H187+I187} -> 338000 | D187: 51000 | E187: 51000 | F187: {=J187-D187} -> 118000 | G187: {=K187-E187} -> 118000 | H187: {=E187+D187} -> 102000 | I187: {=G187+F187} -> 236000 | J187: 169000 | K187: 169000
B188: {=$B189-1} -> 2014 | C188: {=H188+I188} -> 340000 | D188: 53000 | E188: 53000 | F188: {=J188-D188} -> 117000 | G188: {=K188-E188} -> 117000 | H188: {=E188+D188} -> 106000 | I188: {=G188+F188} -> 234000 | J188: 170000 | K188: 170000
B189: {=$B190-1} -> 2015 | C189: {=H189+I189} -> 364221 | D189: 44333 | E189: 45193 | F189: {=J189-D189} -> 142671 | G189: {=K189-E189} -> 132024 | H189: {=E189+D189} -> 89526 | I189: {=G189+F189} -> 274695 | J189: 187004 | K189: 177217
B190: {=$B191-1} -> 2016 | C190: {=H190+I190} -> 377709 | D190: 47455 | E190: 46927 | F190: {=J190-D190} -> 145336 | G190: {=K190-E190} -> 137991 | H190: {=E190+D190} -> 94382 | I190: {=G190+F190} -> 283327 | J190: 192791 | K190: 184918
B191: {=$B192-1} -> 2017 | C191: {=H191+I191} -> 369621 | D191: 42703 | E191: 42109 | F191: {=J191-D191} -> 146705 | G191: {=K191-E191} -> 138104 | H191: {=E191+D191} -> 84812 | I191: {=G191+F191} -> 284809 | J191: 189408 | K191: 180213
... B197: {=$B198-1} -> 2023 | C197: {=H197+I197} -> 467548 | D197: 43740 | E197: 42002 | F197: {=J197-D197} -> 194931 | G197: {=K197-E197} -> 186875 | H197: {=E197+D197} -> 85742 | I197: {=G197+F197} -> 381806 | J197: 238671 | K197: 228877
B198: {=$C$7} -> 2024 | C198: {=H198+I198} -> 438626 | D198: 43102 | E198: 42398 | F198: {=J198-D198} -> 186157 | G198: {=K198-E198} -> 166969 | H198: {=E198+D198} -> 85500 | I198: {=G198+F198} -> 353126 | J198: 229259 | K198: 209367
B199: 10 year Ø of immigration | C199: {=AVERAGE(C189:C198)} -> 400078.6 | D199: {=AVERAGE(D189:D198)} -> 42909.5 | E199: {=AVERAGE(E189:E198)} -> 42295.9 | F199: {=AVERAGE(F189:F198)} -> 161856.8 | G199: {=AVERAGE(G189:G198)} -> 153016.4 | H199: {=AVERAGE(H189:H198)} -> 85205.4 | I199: {=AVERAGE(I189:I198)} -> 314873.2 | J199: {=AVERAGE(J189:J198)} -> 204766.3 | K199: {=AVERAGE(K189:K198)} -> 195312.3
B201: Source of the data (verbal) | C201: {=IF(C202="","?",C202)&IF(C203="","","; downloaded "&C203)&IF(C204="","","; "&C204)} -> https://ec.europa.eu/eurostat/databrowser/view/migr_imm3ctb, https://ec.europa.eu/eurostat/databrowser/view/migr_emi4ctb, https://www.insee.fr/fr/statistiques/7454727; downloaded 2026-05-22
B202: URLs, where the data was found | C202: https://ec.europa.eu/eurostat/databrowser/view/migr_imm3ctb, https://ec.europa.eu/eurostat/databrowser/view/migr_emi4ctb, https://www.insee.fr/fr/statistiques/7454727
B203: Date, when the data was downloaded | C203: 2026-05-22
B204: Manual remarks (not for AI!)
B205: Remarks of the AI (e.g. calculation) | C205: Imm 2008-2024 aus Eurostat migr_imm3ctb 2008-2024 (geo=FR; c_birth=NAT für Native, c_birth=TOTAL für Total; F/G via Vorlagen-Residual-Formel = Migrant). Eurostat-Coverage 2008-2024 vollständig. Methodische Note: Eurostat-Long-term-Definition (≥12 Mo Wohnsitz) ist enger als INSEE-Hauptwohnsitz; Werte daher konservativer als INSEE-Total. Sanity-Check: Eurostat-Imm-Total 2018-2021 vs. INSEE-Imm-Total (Insee Première 2050): Eurostat ca. 25-30 % niedriger als INSEE (definitorisch erklärbar, kein Daten-Fehler). Imm pre-2008 nicht in Eurostat; INSEE-Recensement-basierte Schätzungen vorhanden ab 2006, aber für 1949-2005 nur lückenhaft. V1.1-Ergänzung 2026-05-22: Imm 2006-2014 (9 Jahre, Z. 180-188) nachgepflegt aus INSEE Insee Première 1945 (Tanneau, Avril 2023) Figures 2a + 2b — Entrées immigré + non-immigré. Vorlagen-Mechanik analog V1-Emi-2015-2021-Befüllung: D/E = Non-Immigré-Entrées (Native) mit 50/50-Sex-Approximation; J/K = Total (Immigré + Non-Immigré) mit 50/50-Sex; F/G via Vorlagen-Residual-Formel (Migrant = Total - Native). Granularität in Quelle: 1.000 (gerundet). Sex-Split nicht publiziert → 50/50-Konvention (analog V1-Emi-IP2050-Approach). Quellen-Wechsel 2008-2014: V1 nutzte Eurostat migr_imm3ctb (c_birth=NAT × Sex) für 2008-2024. V1.1 überschreibt 2008-2014 Imm mit INSEE-Daten (CLAUDE.md: nationale Quelle hat Vorrang). Eurostat-Daten für 2008-2014 sind ersetzt; 2015-2024 bleiben Eurostat (im 10-J-Ø-Fenster, unverändert per V1.1-Garantie). Methodenbruch IP1945 (pre-2015) → Eurostat (2015+) dokumentiert. Vintage-Bruch IP1945 (April 2023) vs. IP2050 (Mai 2025, V1-Quelle für 2015-2021): INSEE-Footnote bestätigt 'solde migratoire... inchangé' für 2006-2023 — d.h. Entrées und Sorties wurden in IP2050 revidiert, der Solde blieb identisch. V1.1 nutzt IP1945-Vintage für 2006-2014 (älter, da IP2050 nur Insee Première 2050 erst Mai 2025 publiziert); Solde-Konsistenz gewährleistet. Pre-2006: bleibt LEER + dokumentiert (Insee Première 2050-Reihe startet 2006, Recensement-Saldo-Methode für 1962-2006 ist V2-Thema). Pieds-Noirs 1962: nicht relevant für V1.1 (Reihe startet 2006).
B206: Internal remarks
B208: Emigration | C208: Fill in the numbers of people emigrating from this country here. For the calculation only the last 10 years are relevant. But we need the older values for later so we can calculate the numbers more correctly.
B210: {=$B211-1} -> 1949 | C210: {=H210+I210} -> 0 | F210: {=J210-D210} -> 0 | G210: {=K210-E210} -> 0 | H210: {=E210+D210} -> 0 | I210: {=G210+F210} -> 0 | L210: 0.041870609
B211: {=$B212-1} -> 1950 | C211: {=H211+I211} -> 0 | F211: {=J211-D211} -> 0 | G211: {=K211-E211} -> 0 | H211: {=E211+D211} -> 0 | I211: {=G211+F211} -> 0 | L211: 0.046368713
B212: {=$B213-1} -> 1951 | C212: {=H212+I212} -> 0 | F212: {=J212-D212} -> 0 | G212: {=K212-E212} -> 0 | H212: {=E212+D212} -> 0 | I212: {=G212+F212} -> 0 | L212: 0.050312704
B213: {=$B214-1} -> 1952 | C213: {=H213+I213} -> 0 | F213: {=J213-D213} -> 0 | G213: {=K213-E213} -> 0 | H213: {=E213+D213} -> 0 | I213: {=G213+F213} -> 0 | L213: 0.053489325
B214: {=$B215-1} -> 1953 | C214: {=H214+I214} -> 0 | F214: {=J214-D214} -> 0 | G214: {=K214-E214} -> 0 | H214: {=E214+D214} -> 0 | I214: {=G214+F214} -> 0 | L214: 0.055717731
...

Sheet origin
A1: origin
C2: aa | D2: nf | E2: nm | F2: mf | G2: mm | H2: na | I2: ma | J2: af | K2: am
B3: {=overview!C11&" / "&overview!C12} -> FR / France | C3: All | D3: Native Female | E3: Native Male | F3: Migrant Female | G3: Migrant Male | H3: Utility Native Male + Female | I3: Utility Migrant Male + Female | J3: Utility All Female | K3: Utility All Male | L3: Utility Other
B4: ✏️ | C4: Enter your data below and make sure that you adjust the formulas above, if necessary. If calculations are necessary, use the fields below for it and use formulas in the area above, to fill in the fields above exactly as intended.
B5: Origin of Migrants | C5: This table contains the countries the current migrants come from.
B7: Year of the numbers | C7: 2025
B9: Europe
A10: c1ad | B10: Andorra | C10: AD | I10: {=G10+F10} -> 0
A11: c1al | B11: Albania | C11: AL | I11: {=G11+F11} -> 0
A12: c1at | B12: Austria | C12: AT | F12: 4675 | G12: 2914 | I12: {=G12+F12} -> 7589
A13: c1ax | B13: Åland Islands | C13: AX | I13: {=G13+F13} -> 0
A14: c1ba | B14: Bosnia and Herzegovina | C14: BA | I14: {=G14+F14} -> 0
A15: c1be | B15: Belgium | C15: BE | F15: 72208 | G15: 62016 | I15: {=G15+F15} -> 134224
A16: c1bg | B16: Bulgaria | C16: BG | F16: 13533 | G16: 11206 | I16: {=G16+F16} -> 24739
A17: c1by | B17: Belarus | C17: BY | I17: {=G17+F17} -> 0
A18: c1ch | B18: Switzerland | C18: CH | I18: {=G18+F18} -> 0
A19: c1cz | B19: Czechia[i] | C19: CZ | F19: 4396 | G19: 2373 | I19: {=G19+F19} -> 6769
A20: c1de | B20: Germany | C20: DE | F20: 83441 | G20: 65987 | I20: {=G20+F20} -> 149428
A21: c1dk | B21: Denmark | C21: DK | F21: 2267 | G21: 1676 | I21: {=G21+F21} -> 3943
A22: c1ee | B22: Estonia | C22: EE | F22: 802 | G22: 373 | I22: {=G22+F22} -> 1175
A23: c1es | B23: Spain | C23: ES | F23: 107799 | G23: 87546 | I23: {=G23+F23} -> 195345
A24: c1fi | B24: Finland | C24: FI | F24: 2304 | G24: 782 | I24: {=G24+F24} -> 3086
A25: c1fo | B25: Faroe Islands (the) | C25: FO | I25: {=G25+F25} -> 0
A26: c1fr | B26: France | C26: FR | I26: {=G26+F26} -> 0
A27: c1gb | B27: United Kingdom of Great Britain and Northern Ireland (the) | C27: GB | I27: {=G27+F27} -> 0
A28: c1gg | B28: Guernsey | C28: GG | I28: {=G28+F28} -> 0
A29: c1gi | B29: Gibraltar | C29: GI | I29: {=G29+F29} -> 0
A30: c1gr | B30: Greece | C30: GR | F30: 6906 | G30: 5916 | I30: {=G30+F30} -> 12822
A31: c1hr | B31: Croatia | C31: HR | F31: 3653 | G31: 2770 | I31: {=G31+F31} -> 6423
A32: c1hu | B32: Hungary | C32: HU | F32: 5265 | G32: 3268 | I32: {=G32+F32} -> 8533
A33: c1ie | B33: Ireland | C33: IE | F33: 4531 | G33: 3849 | I33: {=G33+F33} -> 8380
A34: c1im | B34: Isle of Man | C34: IM | I34: {=G34+F34} -> 0
A35: c1is | B35: Iceland | C35: IS | I35: {=G35+F35} -> 0
A36: c1it | B36: Italy | C36: IT | F36: 113238 | G36: 109719 | I36: {=G36+F36} -> 222957
A37: c1je | B37: Jersey | C37: JE | I37: {=G37+F37} -> 0
A38: c1li | B38: Liechtenstein | C38: LI | I38: {=G38+F38} -> 0
A39: c1lt | B39: Lithuania | C39: LT | F39: 1992 | G39: 1148 | I39: {=G39+F39} -> 3140
A40: c1lu | B40: Luxembourg | C40: LU | F40: 8448 | G40: 8488 | I40: {=G40+F40} -> 16936
A41: c1lv | B41: Latvia | C41: LV | F41: 1726 | G41: 1010 | I41: {=G41+F41} -> 2736
A42: c1mc | B42: Monaco | C42: MC | I42: {=G42+F42} -> 0
A43: c1md | B43: Moldova (the Republic of) | C43: MD | I43: {=G43+F43} -> 0
A44: c1me | B44: Montenegro | C44: ME | I44: {=G44+F44} -> 0
A45: c1mk | B45: North Macedonia | C45: MK | I45: {=G45+F45} -> 0
A46: c1mt | B46: Malta | C46: MT | F46: 268 | G46: 245 | I46: {=G46+F46} -> 513
A47: c1nl | B47: Netherlands (Kingdom of the) | C47: NL | F47: 16547 | G47: 14939 | I47: {=G47+F47} -> 31486
A48: c1no | B48: Norway | C48: NO | I48: {=G48+F48} -> 0
A49: c1pl | B49: Poland | C49: PL | F49: 38960 | G49: 23350 | I49: {=G49+F49} -> 62310
A50: c1pt | B50: Portugal | C50: PT | F50: 219081 | G50: 217986 | I50: {=G50+F50} -> 437067
A51: c1ro | B51: Romania | C51: RO | F51: 58173 | G51: 52827 | I51: {=G51+F51} -> 111000
A52: c1rs | B52: Serbia | C52: RS | I52: {=G52+F52} -> 0
A53: c1ru | B53: Russian Federation (the) | C53: RU | I53: {=G53+F53} -> 0
A54: c1se | B54: Sweden | C54: SE | F54: 4412 | G54: 2721 | I54: {=G54+F54} -> 7133
A55: c1si | B55: Slovenia | C55: SI | F55: 879 | G55: 695 | I55: {=G55+F55} -> 1574
A56: c1sj | B56: Norway | C56: SJ | I56: {=G56+F56} -> 0
A57: c1sk | B57: Slovakia | C57: SK | F57: 2974 | G57: 1384 | I57: {=G57+F57} -> 4358
A58: c1sm | B58: San Marino | C58: SM | I58: {=G58+F58} -> 0
A59: c1ua | B59: Ukraine[ad] | C59: UA | I59: {=G59+F59} -> 0
A60: c1va | B60: Vatican | C60: VA | I60: {=G60+F60} -> 0
A61: c1xk | B61: Kosovo | C61: XK | I61: {=G61+F61} -> 0
A62: c1 | B62: Europe | F62: {=SUM(F10:F61)} -> 778478 | G62: {=SUM(G10:G61)} -> 685188 | I62: {=SUM(I10:I61)} -> 1463666
B64: North America
A65: c2ag | B65: Antigua and Barbuda | C65: AG | I65: {=G65+F65} -> 0
A66: c2ai | B66: Anguilla | C66: AI | I66: {=G66+F66} -> 0
A67: c2aw | B67: Aruba | C67: AW | I67: {=G67+F67} -> 0
A68: c2bb | B68: Barbados | C68: BB | I68: {=G68+F68} -> 0
A69: c2bl | B69: Saint Barthélemy | C69: BL | I69: {=G69+F69} -> 0
A70: c2bm | B70: Bermuda | C70: BM | I70: {=G70+F70} -> 0
A71: c2bq | B71: Bonaire, Sint Eustatius, Saba | C71: BQ | I71: {=G71+F71} -> 0
A72: c2bs | B72: Bahamas (the) | C72: BS | I72: {=G72+F72} -> 0
A73: c2bz | B73: Belize | C73: BZ | I73: {=G73+F73} -> 0
A74: c2ca | B74: Canada | C74: CA | I74: {=G74+F74} -> 0
A75: c2cr | B75: Costa Rica | C75: CR | I75: {=G75+F75} -> 0
A76: c2cu | B76: Cuba | C76: CU | I76: {=G76+F76} -> 0
... A106: c3ar | B106: Argentina | C106: AR | I106: {=G106+F106} -> 0
A107: c2 | B107: North America | F107: {=SUM(F65:F106)} -> 0 | G107: {=SUM(G65:G106)} -> 0 | I107: {=SUM(I65:I106)} -> 0
B109: South America
A110: c3bo | B110: Bolivia (Plurinational State of) | C110: BO | I110: {=G110+F110} -> 0
A111: c3br | B111: Brazil | C111: BR | I111: {=G111+F111} -> 0
A112: c3cl | B112: Chile | C112: CL | I112: {=G112+F112} -> 0
A113: c3co | B113: Colombia | C113: CO | I113: {=G113+F113} -> 0
A114: c3ec | B114: Ecuador | C114: EC | I114: {=G114+F114} -> 0
A115: c3fk | B115: Falkland Islands (the) [Malvinas] | C115: FK | I115: {=G115+F115} -> 0
A116: c3gf | B116: French Guiana | C116: GF | I116: {=G116+F116} -> 0
A117: c3gy | B117: Guyana | C117: GY | I117: {=G117+F117} -> 0
A118: c3pe | B118: Peru | C118: PE | I118: {=G118+F118} -> 0
A119: c3py | B119: Paraguay | C119: PY | I119: {=G119+F119} -> 0
A120: c3sr | B120: Suriname | C120: SR | I120: {=G120+F120} -> 0
A121: c3uy | B121: Uruguay | C121: UY | I121: {=G121+F121} -> 0
A122: c3ve | B122: Venezuela (Bolivarian Republic of) | C122: VE | I122: {=G122+F122} -> 0
A123: c3 | B123: South America | F123: {=SUM(F110:F122)} -> 0 | G123: {=SUM(G110:G122)} -> 0 | I123: {=SUM(I110:I122)} -> 0
B125: Africa
A126: c4ao | B126: Angola | C126: AO | I126: {=G126+F126} -> 0
A127: c4bf | B127: Burkina Faso | C127: BF | I127: {=G127+F127} -> 0
A128: c4bi | B128: Burundi | C128: BI | I128: {=G128+F128} -> 0
A129: c4bj | B129: Benin | C129: BJ | I129: {=G129+F129} -> 0
A130: c4bw | B130: Botswana | C130: BW | I130: {=G130+F130} -> 0
A131: c4cd | B131: Congo (the Democratic Republic of the) | C131: CD | I131: {=G131+F131} -> 0
A132: c4cf | B132: Central African Republic (the) | C132: CF | I132: {=G132+F132} -> 0
A133: c4cg | B133: Congo (the) | C133: CG | I133: {=G133+F133} -> 0
A134: c4ci | B134: Côte d'Ivoire | C134: CI | I134: {=G134+F134} -> 0
...

Sheet patria
A1: patria
C2: aa | D2: nf | E2: nm | F2: mf | G2: mm | H2: na | I2: ma | J2: af | K2: am
B3: {=overview!C11&" / "&overview!C12} -> FR / France | C3: All | D3: Native Female | E3: Native Male | F3: Migrant Female | G3: Migrant Male | H3: Utility Native Male + Female | I3: Utility Migrant Male + Female | J3: Utility All Female | K3: Utility All Male | L3: Utility Other
B4: ✏️ | C4: Enter your data below and make sure that you adjust the formulas above, if necessary. If calculations are necessary, use the fields below for it and use formulas in the area above, to fill in the fields above exactly as intended.
B5: Naturalisation | C5: Fill in the numbers of people being naturalized in the specified year. This is not relevant for the calculation of version 1 but it is important for future versions.
B7: Year of the last migration numbers | C7: 2025
B9: {=$B10-1} -> 1950 | C9: {=I9} -> 43790 | I9: 43790
B10: {=$B11-1} -> 1951 | C10: {=I10} -> 25257 | I10: 25257
B11: {=$B12-1} -> 1952 | C11: {=I11} -> 28139 | I11: 28139
B12: {=$B13-1} -> 1953 | C12: {=I12} -> 34824 | I12: 34824
B13: {=$B14-1} -> 1954 | C13: {=I13} -> 39308 | I13: 39308
B14: {=$B15-1} -> 1955 | C14: {=I14} -> 44972 | I14: 44972
B15: {=$B16-1} -> 1956 | C15: {=I15} -> 38040 | I15: 38040
B16: {=$B17-1} -> 1957 | C16: {=I16} -> 36890 | I16: 36890
B17: {=$B18-1} -> 1958 | C17: {=I17} -> 34452 | I17: 34452
B18: {=$B19-1} -> 1959 | C18: {=I18} -> 34098 | I18: 34098
B19: {=$B20-1} -> 1960 | C19: {=I19} -> 29683 | I19: 29683
B20: {=$B21-1} -> 1961 | C20: {=I20} -> 25954 | I20: 25954
... B56: {=$B57-1} -> 1997 | C56: {=I56} -> 116286 | I56: 116286
B57: {=$B58-1} -> 1998 | C57: {=I57} -> 0 | I57: {=G57+F57} -> 0
B58: {=$B59-1} -> 1999 | C58: {=I58} -> 0 | I58: {=G58+F58} -> 0
B59: {=$B60-1} -> 2000 | C59: {=I59} -> 0 | I59: {=G59+F59} -> 0
B60: {=$B61-1} -> 2001 | C60: {=I60} -> 0 | I60: {=G60+F60} -> 0
B61: {=$B62-1} -> 2002 | C61: {=I61} -> 0 | I61: {=G61+F61} -> 0
B62: {=$B63-1} -> 2003 | C62: {=I62} -> 0 | I62: {=G62+F62} -> 0
B63: {=$B64-1} -> 2004 | C63: {=I63} -> 0 | I63: {=G63+F63} -> 0
B64: {=$B65-1} -> 2005 | C64: {=I64} -> 0 | I64: {=G64+F64} -> 0
B65: {=$B66-1} -> 2006 | C65: {=I65} -> 0 | I65: {=G65+F65} -> 0
B66: {=$B67-1} -> 2007 | C66: {=I66} -> 0 | I66: {=G66+F66} -> 0
B67: {=$B68-1} -> 2008 | C67: {=I67} -> 137452 | F67: 69749 | G67: 67703 | I67: {=G67+F67} -> 137452
B68: {=$B69-1} -> 2009 | C68: {=I68} -> 135852 | F68: 69358 | G68: 66494 | I68: {=G68+F68} -> 135852
B69: {=$B70-1} -> 2010 | C69: {=I69} -> 143261 | F69: 73087 | G69: 70174 | I69: {=G69+F69} -> 143261
B70: {=$B71-1} -> 2011 | C70: {=I70} -> 114569 | F70: 59075 | G70: 55494 | I70: {=G70+F70} -> 114569
B71: {=$B72-1} -> 2012 | C71: {=I71} -> 96051 | F71: 49413 | G71: 46638 | I71: {=G71+F71} -> 96051
B72: {=$B73-1} -> 2013 | C72: {=I72} -> 97276 | F72: 49550 | G72: 47726 | I72: {=G72+F72} -> 97276
B73: {=$B74-1} -> 2014 | C73: {=I73} -> 105613 | F73: 53939 | G73: 51674 | I73: {=G73+F73} -> 105613
B74: {=$B75-1} -> 2015 | C74: {=I74} -> 113608 | F74: 58601 | G74: 55007 | I74: {=G74+F74} -> 113608
B75: {=$B76-1} -> 2016 | C75: {=I75} -> 119152 | F75: 61272 | G75: 57880 | I75: {=G75+F75} -> 119152
B76: {=$B77-1} -> 2017 | C76: {=I76} -> 114274 | F76: 58676 | G76: 55598 | I76: {=G76+F76} -> 114274
B77: {=$B78-1} -> 2018 | C77: {=I77} -> 110014 | F77: 57244 | G77: 52770 | I77: {=G77+F77} -> 110014
B78: {=$B79-1} -> 2019 | C78: {=I78} -> 109821 | F78: 57269 | G78: 52552 | I78: {=G78+F78} -> 109821
... B83: {=$B84-1} -> 2024 | C83: {=I83} -> 103661 | F83: 53787 | G83: 49874 | I83: {=G83+F83} -> 103661
B84: {=$C$7} -> 2025 | C84: {=I84} -> 0 | I84: {=G84+F84} -> 0
C85: {=SUM(C9:C84)} -> 4278550 | F85: {=SUM(F9:F84)} -> 991961 | G85: {=SUM(G9:G84)} -> 937282 | I85: {=SUM(I9:I84)} -> 4278550
B87: Source of the data (verbal) | C87: {=IF(C88="","?",C88)&IF(C89="","","; downloaded "&C89)&IF(C90="","","; "&C90)} -> https://ec.europa.eu/eurostat/databrowser/view/migr_acq; downloaded 2026-05-22
B88: URLs, where the data was found | C88: https://ec.europa.eu/eurostat/databrowser/view/migr_acq
B89: Date, when the data was downloaded | C89: 2026-05-22
B90: Manual remarks (not for AI!)
B91: Remarks of the AI (e.g. calculation) | C91: Naturalisationen 2008-2024 aus Eurostat migr_acq (Acquisition of citizenship by sex, age, former citizenship), geo=FR, citizen=TOTAL, age=TOTAL × Sex (F, M). Eurostat filtert auf FR-resident-only → methodisch sauber für IFR-Modell (analog AT-V2-Entscheidung). Vorgangsweise (CLAUDE.md §Pass-Wechsel): nur Migrant F (Spalte F) und Migrant M (Spalte G); Native bleibt leer. Naturalisationen 1950-2007: INSEE/DGEF publiziert historische Reihen, aber Sex-Split-Coverage lückenhaft. FR-Sondereinbürgerungs-Effekt: 'acquisitions par décret' und 'par déclaration' beide FR-resident; Konsulats-Abstammungs-Erwerb (analog AT-§58c) im Eurostat-Wert nicht enthalten. 2025: Eurostat-Lag, leer. V1.1-Ergänzung 2026-05-22: Naturalisationen 1950-1997 (48 Jahre) nachgepflegt aus Spire & Thave 'Les acquisitions de nationalité depuis 1945', INSEE Synthèses n° 30 (1999), Annexe 3 (Daten validiert von der Sous-direction des naturalisations, DPM, Ministère des Affaires sociales). Spalte 'Acquisitions y compris manifestation de volonté, y compris effet collectif' direkt in I-Spalte (Utility Migrant M+F) — Lücken-Konvention (AT-V3-Präzedenz, kein Sex-Split publiziert für historische Reihe). Originalformel =G+F überschrieben; F/G der Jahre 1950-1997 leer. Methodenwahl 'incl. manifestation de volonté' (Begründung User-Entscheidung): Vollständigkeit > Definitions-Konsistenz für historische Reihen. Das Fenster 1994-1998 ist die einzige Periode, in der die ansonsten unregistrierten Plein-Droit-Erwerbe von in Frankreich geborenen Kindern ausländischer Eltern aktiv erfasst wurden — diese ~30k/Jahr sind reale Einbürgerungen UND eine wertvolle Messung der strukturellen Untererfassung in den anderen Jahren. Alternative Spalte 'hors manifestation' für 1994-1997 = 318,620 (gegenüber 444,979 incl. manif): Differenz 4-Jahre = ca. 100k = Größenordnung der jährlichen Untererfassung. Methodenbruch 1997/1998 zu 1998-2007-Reihe (Eurostat migr_acq, resident-only): ab 1998 Eurostat-Methodik aktiv, die historische DPM-Reihe (1945-1997) hatte teils Auslandseinbürgerungen via Konsulat-Erwerb mit drin (Mitte 1990er ca. 2-5 % der Acquisitions). Pieds-Noirs 1962 (28.149) ist KEIN Ausreißer in der Reihe — Pieds-Noirs behielten 1962 ihre frz. Staatsangehörigkeit de plein droit und erscheinen NICHT als 'acquisition' (Spire-Thave Encadré 1, S. 11). Jahre 1945-1949 fallen außerhalb Template-Range (B9=1950, B84=2025); aggregierter Wert für 1945-1949 = 300,684 (17.884 + 38.869 + 111.736 + 70.925 + 61.270), nicht in Sheet aggregiert.
B92: Internal remarks
B94: Expatriation | C94: Fill in the numbers of people being expatriated in the specified year. This is not relevant for the calculation of version 1 but it is important for future versions.
B96: {=$B97-1} -> 1950 | C96: {=H96} -> 0 | H96: {=E96+D96} -> 0
B97: {=$B98-1} -> 1951 | C97: {=H97} -> 0 | H97: {=E97+D97} -> 0
B98: {=$B99-1} -> 1952 | C98: {=H98} -> 0 | H98: {=E98+D98} -> 0
B99: {=$B100-1} -> 1953 | C99: {=H99} -> 0 | H99: {=E99+D99} -> 0
B100: {=$B101-1} -> 1954 | C100: {=H100} -> 0 | H100: {=E100+D100} -> 0
B101: {=$B102-1} -> 1955 | C101: {=H101} -> 0 | H101: {=E101+D101} -> 0
B102: {=$B103-1} -> 1956 | C102: {=H102} -> 0 | H102: {=E102+D102} -> 0
B103: {=$B104-1} -> 1957 | C103: {=H103} -> 0 | H103: {=E103+D103} -> 0
B104: {=$B105-1} -> 1958 | C104: {=H104} -> 0 | H104: {=E104+D104} -> 0
B105: {=$B106-1} -> 1959 | C105: {=H105} -> 0 | H105: {=E105+D105} -> 0
B106: {=$B107-1} -> 1960 | C106: {=H106} -> 0 | H106: {=E106+D106} -> 0
B107: {=$B108-1} -> 1961 | C107: {=H107} -> 0 | H107: {=E107+D107} -> 0
... B170: {=$B171-1} -> 2024 | C170: {=H170} -> 0 | H170: {=E170+D170} -> 0
B171: {=$C$7} -> 2025 | C171: {=H171} -> 0 | H171: {=E171+D171} -> 0
C172: {=SUM(C96:C171)} -> 0 | D172: {=SUM(D96:D171)} -> 0 | E172: {=SUM(E96:E171)} -> 0 | H172: {=SUM(H96:H171)} -> 0
B174: Source of the data (verbal) | C174: {=IF(C175="","?",C175)&IF(C176="","","; downloaded "&C176)&IF(C177="","","; "&C177)} -> ?; downloaded 2026-05-22
B175: URLs, where the data was found
B176: Date, when the data was downloaded | C176: 2026-05-22
B177: Manual remarks (not for AI!)
B178: Remarks of the AI (e.g. calculation) | C178: Expatriation: INSEE/Min. Intérieur publiziert keine konsistente Sorties-de-nationalité-Zeitreihe für FR. Analog AT-Vorgehen: alle Jahre leer + dokumentiert. BMI-Anfrage wäre V2-Thema. Effekt auf Modell: gering (typisch <2.000/Jahr).
B179: Internal remarks

Sheet export
A1: export
C2: aa | D2: nf | E2: nm | F2: mf | G2: mm | H2: na | I2: ma | J2: af | K2: am
B3: {=overview!C11&" / "&overview!C12} -> FR / France | C3: All | D3: Native Female | E3: Native Male | F3: Migrant Female | G3: Migrant Male | H3: Utility Native Male + Female | I3: Utility Migrant Male + Female | J3: Utility All Female | K3: Utility All Male | L3: Utility Other
B4: ⚠️ | C4: Do not change this sheet!
B5: Overview
A6: {=overview!A11} -> na | C6: {=overview!C11} -> FR
A7: {=overview!A12} -> nn | C7: {=overview!C12} -> France
A8: {=overview!$A49} -> i | C8: {=overview!C49} -> MH i.w.S. nach INSEE-Definition: immigré (personne née étrangère à l'étranger et résidant en France; bleibt immigré auch nach Erwerb der frz. StAng) + descendant d'immigrés (en France geboren, mit mindestens einem immigré-Elternteil). 3. Generation nicht modelliert (V2-Thema TeO2).
A9: {=overview!$A51} -> is | C9: {=overview!C51} -> https://www.insee.fr/fr/metadonnees/definition/c1676; downloaded 2026-05-22
A10: {=overview!$A60} -> l | C10: {=overview!C60} -> 82.933348 | D10: {=overview!D60} -> 85.7 | E10: {=overview!E60} -> 80 | F10: {=overview!F60} -> 85.7 | G10: {=overview!G60} -> 80 | H10: {=overview!H60} -> 82.946088 | I10: {=overview!I60} -> 82.887624 | J10: {=overview!J60} -> 85.7 | K10: {=overview!K60} -> 80
A11: {=overview!$A62} -> ls | C11: {=overview!C62} -> https://www.insee.fr/fr/statistiques/8719824, https://www.insee.fr/fr/statistiques/8313953; downloaded 2026-05-22
B13: Population
A14: {=population!$A7} -> py | C14: {=population!C7} -> 2025
A15: {=population!$A9} -> p00 | C15: {=population!C9} -> 613930 | D15: {=population!D9} -> 223160 | E15: {=population!E9} -> 236773 | F15: {=population!F9} -> 76749 | G15: {=population!G9} -> 77248 | H15: {=population!H9} -> 459933 | I15: {=population!I9} -> 153997 | J15: {=population!J9} -> 299909 | K15: {=population!K9} -> 314021
A16: {=population!$A10} -> p01 | C16: {=population!C10} -> 633124 | D16: {=population!D10} -> 230533 | E16: {=population!E10} -> 243780 | F16: {=population!F10} -> 79161 | G16: {=population!G10} -> 79650 | H16: {=population!H10} -> 474313 | I16: {=population!I10} -> 158811 | J16: {=population!J10} -> 309694 | K16: {=population!K10} -> 323430
A17: {=population!$A11} -> p02 | C17: {=population!C11} -> 680945 | D17: {=population!D11} -> 247647 | E17: {=population!E11} -> 262491 | F17: {=population!F11} -> 85131 | G17: {=population!G11} -> 85676 | H17: {=population!H11} -> 510138 | I17: {=population!I11} -> 170807 | J17: {=population!J11} -> 332778 | K17: {=population!K11} -> 348167
A18: {=population!$A12} -> p03 | C18: {=population!C12} -> 707427 | D18: {=population!D12} -> 258010 | E18: {=population!E12} -> 271968 | F18: {=population!F12} -> 88466 | G18: {=population!G12} -> 88983 | H18: {=population!H12} -> 529978 | I18: {=population!I12} -> 177449 | J18: {=population!J12} -> 346476 | K18: {=population!K12} -> 360951
A19: {=population!$A13} -> p04 | C19: {=population!C13} -> 711837 | D19: {=population!D13} -> 259140 | E19: {=population!E13} -> 274142 | F19: {=population!F13} -> 89001 | G19: {=population!G13} -> 89554 | H19: {=population!H13} -> 533282 | I19: {=population!I13} -> 178555 | J19: {=population!J13} -> 348141 | K19: {=population!K13} -> 363696
A20: {=population!$A14} -> p05 | C20: {=population!C14} -> 738384 | D20: {=population!D14} -> 267392 | E20: {=population!E14} -> 285777 | F20: {=population!F14} -> 92274 | G20: {=population!G14} -> 92941 | H20: {=population!H14} -> 553169 | I20: {=population!I14} -> 185215 | J20: {=population!J14} -> 359666 | K20: {=population!K14} -> 378718
A21: {=population!$A15} -> p06 | C21: {=population!C15} -> 747315 | D21: {=population!D15} -> 271396 | E21: {=population!E15} -> 288465 | F21: {=population!F15} -> 93415 | G21: {=population!G15} -> 94039 | H21: {=population!H15} -> 559861 | I21: {=population!I15} -> 187454 | J21: {=population!J15} -> 364811 | K21: {=population!K15} -> 382504
A22: {=population!$A16} -> p07 | C22: {=population!C16} -> 762141 | D22: {=population!D16} -> 274735 | E22: {=population!E16} -> 296232 | F22: {=population!F16} -> 95201 | G22: {=population!G16} -> 95973 | H22: {=population!H16} -> 570967 | I22: {=population!I16} -> 191174 | J22: {=population!J16} -> 369936 | K22: {=population!K16} -> 392205
A23: {=population!$A17} -> p08 | C23: {=population!C17} -> 783490 | D23: {=population!D17} -> 283507 | E23: {=population!E17} -> 303454 | F23: {=population!F17} -> 97903 | G23: {=population!G17} -> 98626 | H23: {=population!H17} -> 586961 | I23: {=population!I17} -> 196529 | J23: {=population!J17} -> 381410 | K23: {=population!K17} -> 402080
A24: {=population!$A18} -> p09 | C24: {=population!C18} -> 805772 | D24: {=population!D18} -> 292809 | E24: {=population!E18} -> 310845 | F24: {=population!F18} -> 100729 | G24: {=population!G18} -> 101389 | H24: {=population!H18} -> 603654 | I24: {=population!I18} -> 202118 | J24: {=population!J18} -> 393538 | K24: {=population!K18} -> 412234
A25: {=population!$A19} -> p10 | C25: {=population!C19} -> 828311 | D25: {=population!D19} -> 301901 | E25: {=population!E19} -> 318639 | F25: {=population!F19} -> 103576 | G25: {=population!G19} -> 104195 | H25: {=population!H19} -> 620540 | I25: {=population!I19} -> 207771 | J25: {=population!J19} -> 405477 | K25: {=population!K19} -> 422834
A26: {=population!$A20} -> p11 | C26: {=population!C20} -> 834912 | D26: {=population!D20} -> 303966 | E26: {=population!E20} -> 321519 | F26: {=population!F20} -> 104390 | G26: {=population!G20} -> 105037 | H26: {=population!H20} -> 625485 | I26: {=population!I20} -> 209427 | J26: {=population!J20} -> 408356 | K26: {=population!K20} -> 426556
... A115: {=population!$A109} -> pt | C115: {=population!C109} -> 68882600 | D115: {=population!D109} -> 27844155 | E115: {=population!E109} -> 26027855 | F115: {=population!F109} -> 7604375 | G115: {=population!G109} -> 7406215 | H115: {=population!H109} -> 53872010 | I115: {=population!I109} -> 15010590 | J115: {=population!J109} -> 35448530 | K115: {=population!K109} -> 33434070
A116: {=population!$A111} -> ps | C116: {=population!C111} -> https://ec.europa.eu/eurostat/databrowser/view/demo_pjan, https://www.insee.fr/fr/statistiques/8582067, https://www.insee.fr/fr/statistiques/4187125; downloaded 2026-05-22
B118: Births
A119: {=births!$A7} -> f | H119: {=births!D7} -> 1.7 | I119: {=births!F7} -> 2.3
A120: {=births!$A11} -> f00 | C120: {=births!C11} -> 613930 | D120: {=births!D11} -> 207157.5 | E120: {=births!E11} -> 216905.15 | F120: {=births!F11} -> 92751.499 | G120: {=births!G11} -> 97115.854 | H120: {=births!H11} -> 424062.65 | I120: {=births!I11} -> 189867.35 | J120: {=births!J11} -> 299909 | K120: {=births!K11} -> 314021
A121: {=births!$A13} -> fs | C121: {=births!C13} -> https://www.insee.fr/fr/statistiques/6801884, https://www.insee.fr/fr/statistiques/6793238; downloaded 2026-05-22
A122: {=births!$A22} -> b15 | C122: {=births!C22} -> 362.33305 | D122: {=births!D22} -> 92.394558 | E122: {=births!E22} -> 96.742117 | F122: {=births!F22} -> 84.607613 | G122: {=births!G22} -> 88.588762 | H122: {=births!H22} -> 218 | I122: {=births!I22} -> 157 | J122: {=births!J22} -> 177.00217 | K122: {=births!K22} -> 185.33088
A123: {=births!$A23} -> b16 | C123: {=births!C23} -> 890.84872 | D123: {=births!D23} -> 264.89266 | E123: {=births!E23} -> 277.35699 | F123: {=births!F23} -> 170.29303 | G123: {=births!G23} -> 178.30604 | H123: {=births!H23} -> 625 | I123: {=births!I23} -> 316 | J123: {=births!J23} -> 435.18569 | K123: {=births!K23} -> 455.66303
A124: {=births!$A24} -> b17 | C124: {=births!C24} -> 1557.399 | D124: {=births!D24} -> 508.5939 | E124: {=births!E24} -> 532.52542 | F124: {=births!F24} -> 252.20613 | G124: {=births!G24} -> 264.07351 | H124: {=births!H24} -> 1200 | I124: {=births!I24} -> 468 | J124: {=births!J24} -> 760.80003 | K124: {=births!K24} -> 796.59892
A125: {=births!$A25} -> b18 | C125: {=births!C25} -> 2836.6336 | D125: {=births!D25} -> 971.83818 | E125: {=births!E25} -> 1017.5673 | F125: {=births!F25} -> 413.87673 | G125: {=births!G25} -> 433.3514 | H125: {=births!H25} -> 2293 | I125: {=births!I25} -> 768 | J125: {=births!J25} -> 1385.7149 | K125: {=births!K25} -> 1450.9187
A126: {=births!$A26} -> b19 | C126: {=births!C26} -> 5200.0258 | D126: {=births!D26} -> 1830.5142 | E126: {=births!E26} -> 1916.6477 | F126: {=births!F26} -> 709.73392 | G126: {=births!G26} -> 743.12994 | H126: {=births!H26} -> 4319 | I126: {=births!I26} -> 1317 | J126: {=births!J26} -> 2540.2481 | K126: {=births!K26} -> 2659.7777
A127: {=births!$A27} -> b20 | C127: {=births!C27} -> 7672.0205 | D127: {=births!D27} -> 2618.8348 | E127: {=births!E27} -> 2742.0621 | F127: {=births!F27} -> 1128.9997 | G127: {=births!G27} -> 1182.1239 | H127: {=births!H27} -> 6179 | I127: {=births!I27} -> 2095 | J127: {=births!J27} -> 3747.8344 | K127: {=births!K27} -> 3924.1861
A128: {=births!$A28} -> b21 | C128: {=births!C28} -> 10299.551 | D128: {=births!D28} -> 3482.5967 | E128: {=births!E28} -> 3646.4678 | F128: {=births!F28} -> 1548.8043 | G128: {=births!G28} -> 1621.6822 | H128: {=births!H28} -> 8217 | I128: {=births!I28} -> 2874 | J128: {=births!J28} -> 5031.4011 | K128: {=births!K28} -> 5268.15
A129: {=births!$A29} -> b22 | C129: {=births!C29} -> 12999.474 | D129: {=births!D29} -> 4495.9701 | E129: {=births!E29} -> 4707.5247 | F129: {=births!F29} -> 1854.3618 | G129: {=births!G29} -> 1941.6174 | H129: {=births!H29} -> 10608 | I129: {=births!I29} -> 3441 | J129: {=births!J29} -> 6350.3318 | K129: {=births!K29} -> 6649.1421
A130: {=births!$A30} -> b23 | C130: {=births!C30} -> 17040.549 | D130: {=births!D30} -> 5843.3201 | E130: {=births!E30} -> 6118.2733 | F130: {=births!F30} -> 2481.1048 | G130: {=births!G30} -> 2597.8513 | H130: {=births!H30} -> 13787 | I130: {=births!I30} -> 4604 | J130: {=births!J30} -> 8324.4248 | K130: {=births!K30} -> 8716.1246
A131: {=births!$A31} -> b24 | C131: {=births!C31} -> 21059.359 | D131: {=births!D31} -> 7127.5197 | E131: {=births!E31} -> 7462.8999 | F131: {=births!F31} -> 3160.1213 | G131: {=births!G31} -> 3308.8185 | H131: {=births!H31} -> 16817 | I131: {=births!I31} -> 5864 | J131: {=births!J31} -> 10287.641 | K131: {=births!K31} -> 10771.718
A132: {=births!$A32} -> b25 | C132: {=births!C32} -> 24615.802 | D132: {=births!D32} -> 8459.6119 | E132: {=births!E32} -> 8857.6728 | F132: {=births!F32} -> 3565.3756 | G132: {=births!G32} -> 3733.1417 | H132: {=births!H32} -> 19960 | I132: {=births!I32} -> 6616 | J132: {=births!J32} -> 12024.987 | K132: {=births!K32} -> 12590.814
A133: {=births!$A33} -> b26 | C133: {=births!C33} -> 29103.139 | D133: {=births!D33} -> 9984.5459 | E133: {=births!E33} -> 10454.361 | F133: {=births!F33} -> 4232.5362 | G133: {=births!G33} -> 4431.6952 | H133: {=births!H33} -> 23558 | I133: {=births!I33} -> 7854 | J133: {=births!J33} -> 14217.082 | K133: {=births!K33} -> 14886.057
... A157: {=births!$A57} -> bt | C157: {=births!C57} -> 613930 | D157: {=births!D57} -> 207157.5 | E157: {=births!E57} -> 216905.15 | F157: {=births!F57} -> 92751.499 | G157: {=births!G57} -> 97115.854 | H157: {=births!H57} -> 488777 | I157: {=births!I57} -> 172112 | J157: {=births!J57} -> 299909 | K157: {=births!K57} -> 314021
A158: {=births!$A59} -> bs | C158: {=births!C59} -> siehe C14 (TFR-Quelle); ASFR-Shape aus Eurostat demo_facbc 2024; downloaded 2026-05-22
B160: Deaths
A161: {=deaths!$A7} -> d00 | C161: {=deaths!C7} -> 2024 | D161: {=deaths!D7} -> 891 | E161: {=deaths!E7} -> 1141 | F161: {=deaths!F7} -> 306 | G161: {=deaths!G7} -> 372 | H161: {=deaths!H7} -> 2032 | I161: {=deaths!I7} -> 678 | J161: {=deaths!J7} -> 1197 | K161: {=deaths!K7} -> 1513
A162: {=deaths!$A8} -> d01 | C162: {=deaths!C8} -> 190 | D162: {=deaths!D8} -> 67 | E162: {=deaths!E8} -> 75 | F162: {=deaths!F8} -> 23 | G162: {=deaths!G8} -> 25 | H162: {=deaths!H8} -> 142 | I162: {=deaths!I8} -> 48 | J162: {=deaths!J8} -> 90 | K162: {=deaths!K8} -> 100
A163: {=deaths!$A9} -> d02 | C163: {=deaths!C9} -> 134 | D163: {=deaths!D9} -> 42 | E163: {=deaths!E9} -> 58 | F163: {=deaths!F9} -> 15 | G163: {=deaths!G9} -> 19 | H163: {=deaths!H9} -> 100 | I163: {=deaths!I9} -> 34 | J163: {=deaths!J9} -> 57 | K163: {=deaths!K9} -> 77
A164: {=deaths!$A10} -> d03 | C164: {=deaths!C10} -> 87 | D164: {=deaths!D10} -> 23 | E164: {=deaths!E10} -> 42 | F164: {=deaths!F10} -> 8 | G164: {=deaths!G10} -> 14 | H164: {=deaths!H10} -> 65 | I164: {=deaths!I10} -> 22 | J164: {=deaths!J10} -> 31 | K164: {=deaths!K10} -> 56
A165: {=deaths!$A11} -> d04 | C165: {=deaths!C11} -> 98 | D165: {=deaths!D11} -> 31 | E165: {=deaths!E11} -> 42 | F165: {=deaths!F11} -> 11 | G165: {=deaths!G11} -> 14 | H165: {=deaths!H11} -> 73 | I165: {=deaths!I11} -> 25 | J165: {=deaths!J11} -> 42 | K165: {=deaths!K11} -> 56
A166: {=deaths!$A12} -> d05 | C166: {=deaths!C12} -> 65 | D166: {=deaths!D12} -> 23 | E166: {=deaths!E12} -> 26 | F166: {=deaths!F12} -> 8 | G166: {=deaths!G12} -> 8 | H166: {=deaths!H12} -> 49 | I166: {=deaths!I12} -> 16 | J166: {=deaths!J12} -> 31 | K166: {=deaths!K12} -> 34
A167: {=deaths!$A13} -> d06 | C167: {=deaths!C13} -> 66 | D167: {=deaths!D13} -> 21 | E167: {=deaths!E13} -> 29 | F167: {=deaths!F13} -> 7 | G167: {=deaths!G13} -> 9 | H167: {=deaths!H13} -> 50 | I167: {=deaths!I13} -> 16 | J167: {=deaths!J13} -> 28 | K167: {=deaths!K13} -> 38
A168: {=deaths!$A14} -> d07 | C168: {=deaths!C14} -> 60 | D168: {=deaths!D14} -> 24 | E168: {=deaths!E14} -> 21 | F168: {=deaths!F14} -> 8 | G168: {=deaths!G14} -> 7 | H168: {=deaths!H14} -> 45 | I168: {=deaths!I14} -> 15 | J168: {=deaths!J14} -> 32 | K168: {=deaths!K14} -> 28
A169: {=deaths!$A15} -> d08 | C169: {=deaths!C15} -> 65 | D169: {=deaths!D15} -> 22 | E169: {=deaths!E15} -> 26 | F169: {=deaths!F15} -> 8 | G169: {=deaths!G15} -> 9 | H169: {=deaths!H15} -> 48 | I169: {=deaths!I15} -> 17 | J169: {=deaths!J15} -> 30 | K169: {=deaths!K15} -> 35
A170: {=deaths!$A16} -> d09 | C170: {=deaths!C16} -> 52 | D170: {=deaths!D16} -> 15 | E170: {=deaths!E16} -> 24 | F170: {=deaths!F16} -> 5 | G170: {=deaths!G16} -> 8 | H170: {=deaths!H16} -> 39 | I170: {=deaths!I16} -> 13 | J170: {=deaths!J16} -> 20 | K170: {=deaths!K16} -> 32
A171: {=deaths!$A17} -> d10 | C171: {=deaths!C17} -> 74 | D171: {=deaths!D17} -> 28 | E171: {=deaths!E17} -> 28 | F171: {=deaths!F17} -> 9 | G171: {=deaths!G17} -> 9 | H171: {=deaths!H17} -> 56 | I171: {=deaths!I17} -> 18 | J171: {=deaths!J17} -> 37 | K171: {=deaths!K17} -> 37
A172: {=deaths!$A18} -> d11 | C172: {=deaths!C18} -> 62 | D172: {=deaths!D18} -> 20 | E172: {=deaths!E18} -> 26 | F172: {=deaths!F18} -> 7 | G172: {=deaths!G18} -> 9 | H172: {=deaths!H18} -> 46 | I172: {=deaths!I18} -> 16 | J172: {=deaths!J18} -> 27 | K172: {=deaths!K18} -> 35
... A261: {=deaths!$A107} -> dt | C261: {=deaths!C107} -> 642646 | D261: {=deaths!D107} -> 274220 | E261: {=deaths!E107} -> 258536 | F261: {=deaths!F107} -> 47991 | G261: {=deaths!G107} -> 62585 | H261: {=deaths!H107} -> 532756 | I261: {=deaths!I107} -> 110576 | J261: {=deaths!J107} -> 322211 | K261: {=deaths!K107} -> 321121
A262: {=deaths!$A109} -> ds | C262: {=deaths!C109} -> https://ec.europa.eu/eurostat/databrowser/view/demo_magec; downloaded 2026-05-22
B264: Migration balance
A265: {=migration!$A9} -> ma | C265: {=migration!C9} -> 126035.2 | D265: {=migration!D9} -> -36574.7 | E265: {=migration!E9} -> -33925 | F265: {=migration!F9} -> 99975.4 | G265: {=migration!G9} -> 96559.5 | H265: {=migration!H9} -> -70499.7 | I265: {=migration!I9} -> 196534.9 | J265: {=migration!J9} -> 63400.7 | K265: {=migration!K9} -> 62634.5
A266: {=migration!$A11} -> m00 | C266: {=migration!C11} -> 0 | D266: {=migration!D11} -> 0 | E266: {=migration!E11} -> 0 | F266: {=migration!F11} -> 0 | G266: {=migration!G11} -> 0 | H266: {=migration!H11} -> 0 | I266: {=migration!I11} -> 0 | J266: {=migration!J11} -> 0 | K266: {=migration!K11} -> 0
A267: {=migration!$A12} -> m01 | C267: {=migration!C12} -> 0 | D267: {=migration!D12} -> 0 | E267: {=migration!E12} -> 0 | F267: {=migration!F12} -> 0 | G267: {=migration!G12} -> 0 | H267: {=migration!H12} -> 0 | I267: {=migration!I12} -> 0 | J267: {=migration!J12} -> 0 | K267: {=migration!K12} -> 0
A268: {=migration!$A13} -> m02 | C268: {=migration!C13} -> 0 | D268: {=migration!D13} -> 0 | E268: {=migration!E13} -> 0 | F268: {=migration!F13} -> 0 | G268: {=migration!G13} -> 0 | H268: {=migration!H13} -> 0 | I268: {=migration!I13} -> 0 | J268: {=migration!J13} -> 0 | K268: {=migration!K13} -> 0
A269: {=migration!$A14} -> m03 | C269: {=migration!C14} -> 0 | D269: {=migration!D14} -> 0 | E269: {=migration!E14} -> 0 | F269: {=migration!F14} -> 0 | G269: {=migration!G14} -> 0 | H269: {=migration!H14} -> 0 | I269: {=migration!I14} -> 0 | J269: {=migration!J14} -> 0 | K269: {=migration!K14} -> 0
A270: {=migration!$A15} -> m04 | C270: {=migration!C15} -> 0 | D270: {=migration!D15} -> 0 | E270: {=migration!E15} -> 0 | F270: {=migration!F15} -> 0 | G270: {=migration!G15} -> 0 | H270: {=migration!H15} -> 0 | I270: {=migration!I15} -> 0 | J270: {=migration!J15} -> 0 | K270: {=migration!K15} -> 0
A271: {=migration!$A16} -> m05 | C271: {=migration!C16} -> 15.71819 | D271: {=migration!D16} -> -4.5613296 | E271: {=migration!E16} -> -4.2308783 | F271: {=migration!F16} -> 12.468202 | G271: {=migration!G16} -> 12.042196 | H271: {=migration!H16} -> -8.7922079 | I271: {=migration!I16} -> 24.510398 | J271: {=migration!J16} -> 7.9068725 | K271: {=migration!K16} -> 7.8113176
A272: {=migration!$A17} -> m06 | C272: {=migration!C17} -> 25.651831 | D272: {=migration!D17} -> -7.4440158 | E272: {=migration!E17} -> -6.9047247 | F272: {=migration!F17} -> 20.347903 | G272: {=migration!G17} -> 19.652668 | H272: {=migration!H17} -> -14.34874 | I272: {=migration!I17} -> 40.000571 | J272: {=migration!J17} -> 12.903887 | K272: {=migration!K17} -> 12.747943
A273: {=migration!$A18} -> m07 | C273: {=migration!C18} -> 41.017652 | D273: {=migration!D18} -> -11.90309 | E273: {=migration!E18} -> -11.040756 | F273: {=migration!F18} -> 32.536594 | G273: {=migration!G18} -> 31.424903 | H273: {=migration!H18} -> -22.943845 | I273: {=migration!I18} -> 63.961497 | J273: {=migration!J18} -> 20.633504 | K273: {=migration!K18} -> 20.384147
A274: {=migration!$A19} -> m08 | C274: {=migration!C19} -> 64.262878 | D274: {=migration!D19} -> -18.648723 | E274: {=migration!E19} -> -17.297693 | F274: {=migration!F19} -> 50.975497 | G274: {=migration!G19} -> 49.233796 | H274: {=migration!H19} -> -35.946415 | I274: {=migration!I19} -> 100.20929 | J274: {=migration!J19} -> 32.326774 | K274: {=migration!K19} -> 31.936104
A275: {=migration!$A20} -> m09 | C275: {=migration!C20} -> 98.647562 | D275: {=migration!D20} -> -28.626963 | E275: {=migration!E20} -> -26.553047 | F275: {=migration!F20} -> 78.250596 | G275: {=migration!G20} -> 75.576976 | H275: {=migration!H20} -> -55.180009 | I275: {=migration!I20} -> 153.82757 | J275: {=migration!J20} -> 49.623633 | K275: {=migration!K20} -> 49.023929
A276: {=migration!$A21} -> m10 | C276: {=migration!C21} -> 148.37113 | D276: {=migration!D21} -> -43.056461 | E276: {=migration!E21} -> -39.937182 | F276: {=migration!F21} -> 117.69302 | G276: {=migration!G21} -> 113.67176 | H276: {=migration!H21} -> -82.993643 | I276: {=migration!I21} -> 231.36478 | J276: {=migration!J21} -> 74.636559 | K276: {=migration!K21} -> 73.734574
A277: {=migration!$A22} -> m11 | C277: {=migration!C22} -> 218.64992 | D277: {=migration!D22} -> -63.450967 | E277: {=migration!E22} -> -58.854182 | F277: {=migration!F22} -> 173.44054 | G277: {=migration!G22} -> 167.51453 | H277: {=migration!H22} -> -122.30515 | I277: {=migration!I22} -> 340.95507 | J277: {=migration!J22} -> 109.98958 | K277: {=migration!K22} -> 108.66035
... A366: {=migration!$A111} -> mt | C366: {=migration!C111} -> 126035.2 | D366: {=migration!D111} -> -36574.7 | E366: {=migration!E111} -> -33925 | F366: {=migration!F111} -> 99975.4 | G366: {=migration!G111} -> 96559.5 | H366: {=migration!H111} -> -70499.7 | I366: {=migration!I111} -> 196534.9 | J366: {=migration!J111} -> 63400.7 | K366: {=migration!K111} -> 62634.5
A367: {=migration!$A113} -> ms | C367: {=migration!C113} -> Enter URLs here, if you have multiple URLs seperate them with a comma; downloaded yyyy-MM-dd; we used the 10-year average number of the migration balance (2015-2024); the numbers are binomially distributed between the age of 5 and 54
