Workbook

Sheet overview
A1: overview
C2: aa | D2: nf | E2: nm | F2: mf | G2: mm | H2: na | I2: ma | J2: af | K2: am
B3: {=C11&" / "&C12} | C3: All | D3: Native Female | E3: Native Male | F3: Migrant Female | G3: Migrant Male | H3: Utility Native Male + Female | I3: Utility Migrant Male + Female | J3: Utility All Female | K3: Utility All Male | L3: Utility Other
B4: Information | C4: This column contains general values (like definitions and sources) | D4: This column is important for the correct calculation | E4: This column is important for the correct calculation | F4: This column is important for the correct calculation | G4: This column is important for the correct calculation | H4: This column only contains utilty values used to calculate the data on the left | I4: This column only contains utilty values used to calculate the data on the left | J4: This column only contains utilty values used to calculate the data on the left | K4: This column only contains utilty values used to calculate the data on the left | L4: This column only contains utilty values used to calculate the data on the left
B5: Editing this spreadsheet | C5: On a blue background, you can edit values and formulas
C6: On a green background, only change the formula (normally the formula should be right though)
C7: On a yellow background, don't change anything!
C8: On a dark grey background, you find important instructions
B10: Country
A11: na | B11: Acronym (e.g. "DE") | C11: NL
A12: nn | B12: Name | C12: Niederlande
A13: nd | B13: Date when the sheets were generated | C13: 2026-05-26 19:00
B15: Estimation | C15: This is an estimation of the tipping point
B17: Current population | C17: {=H17+I17} | D17: {=C34} | E17: pn, pm | H17: {='population'!H109} | I17: {='population'!I109}
B18: Gap native - migrant | C18: {=H17-I17} | D18: {=C18/C17}
B19: Birth / year according to population | H19: {='population'!H9} | I19: {='population'!I9}
B20: Birth / year according to fertility | H20: {='births'!H11} | I20: {='births'!I11}
B21: Birth / year used for estimation | D21: We prefer the number of births according to the fertility | H21: {=IF(ISNUMBER(H20),H20,H19)} | I21: {=IF(ISNUMBER(I20),I20,I19)}
B22: Deaths / year | H22: {=-'deaths'!H107} | I22: {=-'deaths'!I107}
B23: Migration balance / year | H23: {='migration'!H9} | I23: {='migration'!I9}
B24: Population delta / year | C24: {=I24-H24} | D24: {=C24/C17} | E24: dn, dm | H24: {=H21+H22+H23} | I24: {=I21+I22+I23}
B26: Years until 33% share of migrants | C26: {=(H$17-2*I$17)/(2*I$24-H$24)} | D26: y = (pn - 2*pm) / (2*dm - dn)
B27: Estimated tipping point for 33% share of migrants | C27: {=C$33+C26}
B28: Years until 50% share of migrants | C28: {=(H$17-I$17)/(I$24-H$24)} | D28: y = (pn - pm) / (dm - dn)
B29: Estimated tipping point for 50% share of migrants | C29: {=C$33+C28}
B31: Indicators | C31: This indicators are used to find differences between countries and thus show where the data collection might be wrong
B33: Year of the population numbers | C33: {='population'!C7}
B34: Share of migrant population | C34: {='population'!I109/'population'!C109} | D34: > 20% normally
B35: Births per 1 mio. women (15-49) | C35: {=I35/H35-1} | D35: > 30% normally | H35: {='births'!H11/'births'!D9*1000000} | I35: {='births'!I11/'births'!F9*1000000}
B36: Births per 1 mio. population | C36: {=I36/H36-1} | D36: > 50% normally due to younger migrant population | H36: {='births'!H11/'population'!H109*1000000} | I36: {='births'!I11/'population'!I109*1000000}
B37: Deaths per 1 mio. population | C37: {=I37/H37-1} | D37: < 0% normally due to younger migrant population | H37: {='deaths'!H$107/'population'!H$109*1000000} | I37: {='deaths'!I$107/'population'!I$109*1000000}
B38: Migration balance per 1 mio. of group | H38: {='migration'!H111/'population'!H109*1000000} | I38: {='migration'!I111/'population'!I109*1000000}
B39: Migration balance in % of population | H39: {='migration'!H111/'population'!C109} | I39: {='migration'!I111/'population'!D109}
B47: Migration Background | C47: How is the "Migration Background" defined in this country?
A49: i | B49: Definition of the 'migration background' | C49: MH i.w.S. nach CBS-Definition (seit Reform 16.02.2022): 'Persoon met een herkomst buiten Nederland' = Personen, die selbst im Ausland geboren wurden (1. Generation) ODER in den Niederlanden geboren wurden mit mindestens einem im Ausland geborenen Elternteil (2. Generation). 'Persoon met Nederlandse herkomst' (= Native) = in NL geboren mit beiden Eltern in NL geboren. 3. Generation (mit MH-Großeltern, aber beiden Eltern in NL geboren) wird CBS-konvention als Nederlandse herkomst (Native) klassifiziert — V1-Modellgrenze, prominent dokumentiert wegen NL-historischer Tiefe (Indonesien-Generation 1949-1968 ist inzwischen 3./4. Gen und vollständig in Native).
A51: is | B51: Source of the data (verbal) | C51: {=IF(C52="","?",C52)&IF(C53="","","; downloaded "&C53)&IF(C54="","","; "&C54)}
B52: URLs, where the data was found | C52: https://www.cbs.nl/nl-nl/onze-diensten/methoden/begrippen/persoon-met-een-herkomst-buiten-nederland
B53: Date, when the data was downloaded | C53: 2026-05-26
B54: Manual remarks (not for AI!)
B55: Remarks of the AI (e.g. calculation) | C55: MH-Definition CBS seit Reform 16.02.2022 (ehemals 'autochtoon/allochtoon'). Operationalisierung: direkter Pull aus CBS 85384NED Herkomstland × Sex × Einzelalter. Native = Herkomstland Nederland; Migrant = Herkomstland Buiten Nederland. 1./2.-Gen-Split via Person-Geboorteland (1. Gen = im Ausland geboren; 2. Gen = in NL geboren mit MH-Herkomst). 3. Generation V2-Thema.
B56: Internal remarks
B58: Life Expectancy | C58: What is the avarage life expectancy in this country?
A60: l | B60: Life expectancy | C60: {=($D60*'population'!$D109+$E60*'population'!$E109+$F60*'population'!$F109+$G60*'population'!$G109)/'population'!C109} | D60: 83.28 | E60: 80.52 | F60: 83.28 | G60: 80.52 | H60: {=($D60*'population'!$D109+$E60*'population'!$E109)/'population'!H109} | I60: {=($F60*'population'!$F109+$G60*'population'!$G109)/'population'!I109} | J60: {=($D60*'population'!$D109+$F60*'population'!$F109)/'population'!J109} | K60: {=($E60*'population'!$E109+$G60*'population'!$G109)/'population'!K109}
A62: ls | B62: Source of the data (verbal) | C62: {=IF(C63="","?",C63)&IF(C64="","","; downloaded "&C64)&IF(C65="","","; "&C65)}
B63: URLs, where the data was found | C63: https://opendata.cbs.nl/ODataApi/odata/37360NED/TypedDataSet (Levensverwachting)
B64: Date, when the data was downloaded | C64: 2026-05-26
B65: Manual remarks (not for AI!)
B66: Remarks of the AI (e.g. calculation) | C66: Lebenserwartung bei Geburt 2024 aus CBS Periodensterftetafel 37360NED (Topic Levensverwachting bei Alter 0). Männer = 80.52 J, Frauen = 83.28 J. Einheitliche e0 für Native und Migrant (CLAUDE.md §Lebenserwartung).
B67: Internal remarks

Sheet population
A1: population
C2: aa | D2: nf | E2: nm | F2: mf | G2: mm | H2: na | I2: ma | J2: af | K2: am
B3: {='overview'!C11&" / "&'overview'!C12} | C3: All | D3: Native Female | E3: Native Male | F3: Migrant Female | G3: Migrant Male | H3: Utility Native Male + Female | I3: Utility Migrant Male + Female | J3: Utility All Female | K3: Utility All Male | L3: Utility Other
B4: ⚠️ | C4: Do not add or delete lines until the next dark grey row below! The fields below are the fields used in other sheets and in the calculation. The address of these fields and their contents must remain always the same, so we can add calculations later!
B5: Population | C5: This is the base line of the caclution
A7: py | B7: Year of the count of the population | C7: 2025
A9: p00 | B9: 0 years | C9: {=H9+I9} | D9: {=D121} | E9: {=E121} | F9: {=F121} | G9: {=G121} | H9: {=E9+D9} | I9: {=G9+F9} | J9: {=D9+F9} | K9: {=E9+G9}
A10: p01 | B10: 1 years | C10: {=H10+I10} | D10: {=D122} | E10: {=E122} | F10: {=F122} | G10: {=G122} | H10: {=E10+D10} | I10: {=G10+F10} | J10: {=D10+F10} | K10: {=E10+G10}
A11: p02 | B11: 2 years | C11: {=H11+I11} | D11: {=D123} | E11: {=E123} | F11: {=F123} | G11: {=G123} | H11: {=E11+D11} | I11: {=G11+F11} | J11: {=D11+F11} | K11: {=E11+G11}
A12: p03 | B12: 3 years | C12: {=H12+I12} | D12: {=D124} | E12: {=E124} | F12: {=F124} | G12: {=G124} | H12: {=E12+D12} | I12: {=G12+F12} | J12: {=D12+F12} | K12: {=E12+G12}
A13: p04 | B13: 4 years | C13: {=H13+I13} | D13: {=D125} | E13: {=E125} | F13: {=F125} | G13: {=G125} | H13: {=E13+D13} | I13: {=G13+F13} | J13: {=D13+F13} | K13: {=E13+G13}
A14: p05 | B14: 5 years | C14: {=H14+I14} | D14: {=D126} | E14: {=E126} | F14: {=F126} | G14: {=G126} | H14: {=E14+D14} | I14: {=G14+F14} | J14: {=D14+F14} | K14: {=E14+G14}
A15: p06 | B15: 6 years | C15: {=H15+I15} | D15: {=D127} | E15: {=E127} | F15: {=F127} | G15: {=G127} | H15: {=E15+D15} | I15: {=G15+F15} | J15: {=D15+F15} | K15: {=E15+G15}
A16: p07 | B16: 7 years | C16: {=H16+I16} | D16: {=D128} | E16: {=E128} | F16: {=F128} | G16: {=G128} | H16: {=E16+D16} | I16: {=G16+F16} | J16: {=D16+F16} | K16: {=E16+G16}
A17: p08 | B17: 8 years | C17: {=H17+I17} | D17: {=D129} | E17: {=E129} | F17: {=F129} | G17: {=G129} | H17: {=E17+D17} | I17: {=G17+F17} | J17: {=D17+F17} | K17: {=E17+G17}
A18: p09 | B18: 9 years | C18: {=H18+I18} | D18: {=D130} | E18: {=E130} | F18: {=F130} | G18: {=G130} | H18: {=E18+D18} | I18: {=G18+F18} | J18: {=D18+F18} | K18: {=E18+G18}
A19: p10 | B19: 10 years | C19: {=H19+I19} | D19: {=D131} | E19: {=E131} | F19: {=F131} | G19: {=G131} | H19: {=E19+D19} | I19: {=G19+F19} | J19: {=D19+F19} | K19: {=E19+G19}
A20: p11 | B20: 11 years | C20: {=H20+I20} | D20: {=D132} | E20: {=E132} | F20: {=F132} | G20: {=G132} | H20: {=E20+D20} | I20: {=G20+F20} | J20: {=D20+F20} | K20: {=E20+G20}
... A108: p99 | B108: 99 years and older | C108: {=H108+I108} | D108: {=D220} | E108: {=E220} | F108: {=F220} | G108: {=G220} | H108: {=E108+D108} | I108: {=G108+F108} | J108: {=D108+F108} | K108: {=E108+G108}
A109: pt | B109: Total | C109: {=SUM(C9:C108)} | D109: {=SUM(D9:D108)} | E109: {=SUM(E9:E108)} | F109: {=SUM(F9:F108)} | G109: {=SUM(G9:G108)} | H109: {=SUM(H9:H108)} | I109: {=SUM(I9:I108)} | J109: {=D109+F109} | K109: {=E109+G109}
A111: ps | B111: Source of the data (verbal) | C111: {=IF(C112="","?",C112)&IF(C113="","","; downloaded "&C113)&IF(C114="","","; "&C114)}
B112: URLs, where the data was found | C112: https://opendata.cbs.nl/ODataApi/odata/85384NED/TypedDataSet
B113: Date, when the data was downloaded | C113: 2026-05-26
B114: Manual remarks (not for AI!)
B115: Remarks of the AI (e.g. calculation) | C115: Bevölkerung 01.01.2025 nach Sex × Einzelalter × Herkomstland aus CBS-Würfel 85384NED (Bevolking; geslacht, leeftijd, herkomstland en geboorteland (ouders), 1 jan). Native = Herkomstland 'Nederland' (CBS-Aggregat: Person in NL geboren + beide Eltern in NL geboren). Migrant = Herkomstland 'Buiten Nederland' (mind. ein Elternteil im Ausland geboren ODER selbst im Ausland geboren). Pop Total = 18,041,444 = CBS-Headline 17.999.027 ± Rundungen. Migrant-Anteil = 28.50%. **3.-Generation-Untererfassung** (User-Vorgabe prominent): CBS-Definition zählt nur 1.+2. Gen. Bei NL wegen Indonesien-Generation 1949-1968 (~300k 1.-Gen, inzwischen meist verstorben; deren Nachkommen ~600k+ als 2./3./4. Gen) sowie Suriname-Welle 1973-1975 substantielle 3.-Gen-Pop, die als Native gezählt wird → V1-Migrant-Anteil systematisch konservativ. Quantifizierung erfordert TeO-äquivalente Mikrodaten-Analyse, V2-Thema.
B116: Internal remarks
B118: ✏️ | C118: Enter your data below and make sure that you adjust the formulas above, if necessary. If calculations are necessary, use the fields below for it and use formulas in the area above, to fill in the fields above exactly as intended.
B119: Population | C119: Calculation of the population
B121: 0 years | D121: 57889 | E121: 60597 | F121: 23053 | G121: 24438
B122: 1 years | D122: 57581 | E122: 60110 | F122: 23141 | G122: 24624
B123: 2 years | D123: 58897 | E123: 61600 | F123: 24161 | G123: 25265
B124: 3 years | D124: 63755 | E124: 66787 | F124: 25744 | G124: 27117
B125: 4 years | D125: 59081 | E125: 61896 | F125: 25634 | G125: 27055
B126: 5 years | D126: 59049 | E126: 62042 | F126: 26707 | G126: 27903
B127: 6 years | D127: 59036 | E127: 61909 | F127: 26993 | G127: 28039
B128: 7 years | D128: 59738 | E128: 62950 | F128: 27153 | G128: 28567
B129: 8 years | D129: 60668 | E129: 64086 | F129: 27831 | G129: 29207
B130: 9 years | D130: 60536 | E130: 63579 | F130: 27915 | G130: 29526
B131: 10 years | D131: 62600 | E131: 65263 | F131: 28532 | G131: 30030
B132: 11 years | D132: 61306 | E132: 64567 | F132: 27641 | G132: 29581
... B220: 99 years and older | D220: 1258 | E220: 320 | F220: 165 | G220: 40

Sheet births
A1: births
C2: aa | D2: nf | E2: nm | F2: mf | G2: mm | H2: na | I2: ma | J2: af | K2: am
B3: {='overview'!C11&" / "&'overview'!C12} | C3: All | D3: Native Female | E3: Native Male | F3: Migrant Female | G3: Migrant Male | H3: Utility Native Male + Female | I3: Utility Migrant Male + Female | J3: Utility All Female | K3: Utility All Male | L3: Utility Other
B4: ⚠️ | C4: Do not add or delete lines until the next dark grey row below! The fields below are the fields used in other sheets and in the calculation. The address of these fields and their contents must remain always the same, so we can add calculations later!
B5: Fertility | C5: The values in this section are used to calculate the number of births in the population goups
A7: f | B7: Official fertility rate | D7: 1.472 | F7: 1.355
B8: Population of age 0 (=births) | C8: {='population'!C9} | D8: {='population'!D9} | E8: {='population'!E9} | F8: {='population'!F9} | G8: {='population'!G9} | H8: {='population'!H9} | I8: {='population'!I9} | J8: {='population'!J9} | K8: {='population'!K9}
B9: Population of women of age 15-49 | D9: {=SUM('population'!D24:D58)} | F9: {=SUM('population'!F24:F58)}
B10: Factor: fertile women x fertility rate | C10: {=D10+F10} | D10: {=D9*D7} | F10: {=F9*F7}
A11: f00 | B11: Calculated births by fertility rate | C11: {=H11+I11} | D11: {=(D8+F8)*D10/C10} | E11: {=(E8+G8)*D10/C10} | F11: {=(D8+F8)*F10/C10} | G11: {=(E8+G8)*F10/C10} | H11: {=E11+D11} | I11: {=G11+F11} | J11: {=D11+F11} | K11: {=E11+G11}
A13: fs | B13: Source of the data (verbal) | C13: {=IF(C14="","?",C14)&IF(C15="","","; downloaded "&C15)&IF(C16="","","; "&C16)}
B14: URLs, where the data was found | C14: https://opendata.cbs.nl/ODataApi/odata/85730NED/TypedDataSet (Geboorte; vruchtbaarheid, herkomstland en geboorteland moeder)
B15: Date, when the data was downloaded | C15: 2026-05-26
B16: Manual remarks (not for AI!)
B17: Remarks of the AI (e.g. calculation) | C17: TFR 2024 direkt aus CBS-Würfel 85730NED (Topic 'GemiddeldKindertalPerVrouw'). Native = HerkomstlandMoeder Nederland: ZGZ = 1.472. Migrant = HerkomstlandMoeder Buiten Nederland: ZGZ = 1.355. Headline-Total = 1.426. **Wichtiger Befund**: Migrant-TFR (1.355) ist NIEDRIGER als Native-TFR (1.472) — entgegen Plan-Erwartung (1,40/1,70). Demografischer Trend in NL: Konvergenz nach unten der Migrant-Fertilität (Inburgering, Bildung, sinkende Familiengrößen v.a. bei 2. Gen, deren Anteil unter Migrant-Müttern wächst). CBS-Nenner = Jahresmittel-Frauenpop pro Mutter-Herkomstland-Klasse, konsistent zur CBS-Berechnung (kein eigener Nenner-Issue analog CH-V1). Methodische Approximation (CLAUDE.md): Migrant-TFR (Mutter-Herkomstland-basiert, inkl. 1./2. Gen Mütter) wird auf gesamte Migrant-Pop (1.+2. Gen) angewandt — konsistent. Im Endbericht als methodische Eigenheit ausweisen.
B18: Internal remarks
B20: Births | C20: The values in this section are used to calculate at which age of the mother the children are born
A22: b15 | B22: 15 years and younger age of the mother | C22: {=D22+E22+F22+G22} | D22: {=D$11*$H22/$H$57} | E22: {=E$11*$H22/$H$57} | F22: {=F$11*$I22/$I$57} | G22: {=G$11*$I22/$I$57} | H22: {=H74} | I22: {=I74} | J22: {=D22+F22} | K22: {=E22+G22}
A23: b16 | B23: 16 years age of the mother | C23: {=D23+E23+F23+G23} | D23: {=D$11*$H23/$H$57} | E23: {=E$11*$H23/$H$57} | F23: {=F$11*$I23/$I$57} | G23: {=G$11*$I23/$I$57} | H23: {=H75} | I23: {=I75} | J23: {=D23+F23} | K23: {=E23+G23}
A24: b17 | B24: 17 years age of the mother | C24: {=D24+E24+F24+G24} | D24: {=D$11*$H24/$H$57} | E24: {=E$11*$H24/$H$57} | F24: {=F$11*$I24/$I$57} | G24: {=G$11*$I24/$I$57} | H24: {=H76} | I24: {=I76} | J24: {=D24+F24} | K24: {=E24+G24}
A25: b18 | B25: 18 years age of the mother | C25: {=D25+E25+F25+G25} | D25: {=D$11*$H25/$H$57} | E25: {=E$11*$H25/$H$57} | F25: {=F$11*$I25/$I$57} | G25: {=G$11*$I25/$I$57} | H25: {=H77} | I25: {=I77} | J25: {=D25+F25} | K25: {=E25+G25}
A26: b19 | B26: 19 years age of the mother | C26: {=D26+E26+F26+G26} | D26: {=D$11*$H26/$H$57} | E26: {=E$11*$H26/$H$57} | F26: {=F$11*$I26/$I$57} | G26: {=G$11*$I26/$I$57} | H26: {=H78} | I26: {=I78} | J26: {=D26+F26} | K26: {=E26+G26}
A27: b20 | B27: 20 years age of the mother | C27: {=D27+E27+F27+G27} | D27: {=D$11*$H27/$H$57} | E27: {=E$11*$H27/$H$57} | F27: {=F$11*$I27/$I$57} | G27: {=G$11*$I27/$I$57} | H27: {=H79} | I27: {=I79} | J27: {=D27+F27} | K27: {=E27+G27}
A28: b21 | B28: 21 years age of the mother | C28: {=D28+E28+F28+G28} | D28: {=D$11*$H28/$H$57} | E28: {=E$11*$H28/$H$57} | F28: {=F$11*$I28/$I$57} | G28: {=G$11*$I28/$I$57} | H28: {=H80} | I28: {=I80} | J28: {=D28+F28} | K28: {=E28+G28}
A29: b22 | B29: 22 years age of the mother | C29: {=D29+E29+F29+G29} | D29: {=D$11*$H29/$H$57} | E29: {=E$11*$H29/$H$57} | F29: {=F$11*$I29/$I$57} | G29: {=G$11*$I29/$I$57} | H29: {=H81} | I29: {=I81} | J29: {=D29+F29} | K29: {=E29+G29}
A30: b23 | B30: 23 years age of the mother | C30: {=D30+E30+F30+G30} | D30: {=D$11*$H30/$H$57} | E30: {=E$11*$H30/$H$57} | F30: {=F$11*$I30/$I$57} | G30: {=G$11*$I30/$I$57} | H30: {=H82} | I30: {=I82} | J30: {=D30+F30} | K30: {=E30+G30}
A31: b24 | B31: 24 years age of the mother | C31: {=D31+E31+F31+G31} | D31: {=D$11*$H31/$H$57} | E31: {=E$11*$H31/$H$57} | F31: {=F$11*$I31/$I$57} | G31: {=G$11*$I31/$I$57} | H31: {=H83} | I31: {=I83} | J31: {=D31+F31} | K31: {=E31+G31}
A32: b25 | B32: 25 years age of the mother | C32: {=D32+E32+F32+G32} | D32: {=D$11*$H32/$H$57} | E32: {=E$11*$H32/$H$57} | F32: {=F$11*$I32/$I$57} | G32: {=G$11*$I32/$I$57} | H32: {=H84} | I32: {=I84} | J32: {=D32+F32} | K32: {=E32+G32}
A33: b26 | B33: 26 years age of the mother | C33: {=D33+E33+F33+G33} | D33: {=D$11*$H33/$H$57} | E33: {=E$11*$H33/$H$57} | F33: {=F$11*$I33/$I$57} | G33: {=G$11*$I33/$I$57} | H33: {=H85} | I33: {=I85} | J33: {=D33+F33} | K33: {=E33+G33}
... A56: b49 | B56: 49 years and older age of the mother | C56: {=D56+E56+F56+G56} | D56: {=D$11*$H56/$H$57} | E56: {=E$11*$H56/$H$57} | F56: {=F$11*$I56/$I$57} | G56: {=G$11*$I56/$I$57} | H56: {=H108} | I56: {=I108} | J56: {=D56+F56} | K56: {=E56+G56}
A57: bt | B57: Total | C57: {=SUM(C22:C56)} | D57: {=SUM(D22:D56)} | E57: {=SUM(E22:E56)} | F57: {=SUM(F22:F56)} | G57: {=SUM(G22:G56)} | H57: {=SUM(H22:H56)} | I57: {=SUM(I22:I56)} | J57: {=SUM(J22:J56)} | K57: {=SUM(K22:K56)}
A59: bs | B59: Source of the data (verbal) | C59: {=IF(C60="","?",C60)&IF(C61="","","; downloaded "&C61)&IF(C62="","","; "&C62)}
B60: URLs, where the data was found | C60: siehe C14
B61: Date, when the data was downloaded | C61: 2026-05-26
B62: Manual remarks (not for AI!)
B63: Remarks of the AI (e.g. calculation) | C63: ASFR-Shape (= absolute Geburten pro Mutter-Alter) in H74:H108 (Native, Mutter-Herkomstland Nederland) und I74:I108 (Migrant, Buiten-NL) aus CBS-Würfel 85497NED (Levend geboren kinderen; herkomstland moeder en leeftijd moeder). Filter: GeboortelandMoeder=Total (inkl. 1. und 2. Gen Mutter). Sum Native = 106,791, Sum Migrant = 59,266. Vorlagen-Formel Z. 22-56 nutzt H/I als ASFR-Profil; absolute Geburten via Top-Block H11/I11 (Sex-Ratio at Birth aus Pop Alter 0).
B64: Internal remarks
B66: ✏️ | C66: Enter your data below and make sure that you adjust the formulas above, if necessary. If calculations are necessary, use the fields below for it and use formulas in the area above, to fill in the fields above exactly as intended.
B67: Births | C67: Calculation of the births
B68: Use the fields of this row, if numbers for age, natives/migrants are known
B69: Use the fields of this row, if numbers for age are known (but not natives/migrants) | H69: {=J69*H$11/$C$11} | I69: {=J69*I$11/$C$11}
B70: Use the fields of this row, if numbers for natives/migrants are known (but not age) | H70: {=H$72*$L70} | I70: {=I$72*$L70}
B71: Use the fields of this row, if only the total of births is known | H71: {=J71*H$11/$C$11} | I71: {=J71*I$11/$C$11} | J71: {=L71*J$11/$C$11}
B72: If no age specific numbers are found enter the available values here
B74: 15 years and younger age of the mother | H74: 0 | I74: 0 | L74: 0.0007836476
B75: 16 years age of the mother | H75: 18 | I75: 14 | L75: 0.0013100234
B76: 17 years age of the mother | H76: 42 | I76: 35 | L76: 0.002122817
B77: 18 years age of the mother | H77: 99 | I77: 75 | L77: 0.0033344277
B78: 19 years age of the mother | H78: 206 | I78: 238 | L78: 0.0050769784
B79: 20 years age of the mother | H79: 350 | I79: 367 | L79: 0.0074931527
B80: 21 years age of the mother | H80: 535 | I80: 517 | L80: 0.010720107
B81: 22 years age of the mother | H81: 828 | I81: 882 | L81: 0.014866506
B82: 23 years age of the mother | H82: 1330 | I82: 1148 | L82: 0.01998453
B83: 24 years age of the mother | H83: 2050 | I83: 1576 | L83: 0.026040796
B84: 25 years age of the mother | H84: 2733 | I84: 1953 | L84: 0.032891964
B85: 26 years age of the mother | H85: 3724 | I85: 2412 | L85: 0.040271762
... B108: 49 years and older age of the mother | H108: 0 | I108: 0 | L108: 0.0007836475
L109: {=SUM(L74:L108)}

Sheet deaths
A1: deaths
C2: aa | D2: nf | E2: nm | F2: mf | G2: mm | H2: na | I2: ma | J2: af | K2: am
B3: {='overview'!C11&" / "&'overview'!C12} | C3: All | D3: Native Female | E3: Native Male | F3: Migrant Female | G3: Migrant Male | H3: Utility Native Male + Female | I3: Utility Migrant Male + Female | J3: Utility All Female | K3: Utility All Male | L3: Utility Other
B4: ⚠️ | C4: Do not add or delete lines until the next dark grey row below! The fields below are the fields used in other sheets and in the calculation. The address of these fields and their contents must remain always the same, so we can add calculations later!
B5: Deaths | C5: This table is needed to calculate the Leslie matrix
A7: d00 | B7: 0 years age of the deceased | C7: {=H7+I7} | D7: {=D119} | E7: {=E119} | F7: {=F119} | G7: {=G119} | H7: {=E7+D7} | I7: {=G7+F7} | J7: {=D7+F7} | K7: {=E7+G7}
A8: d01 | B8: 1 years age of the deceased | C8: {=H8+I8} | D8: {=D120} | E8: {=E120} | F8: {=F120} | G8: {=G120} | H8: {=E8+D8} | I8: {=G8+F8} | J8: {=D8+F8} | K8: {=E8+G8}
A9: d02 | B9: 2 years age of the deceased | C9: {=H9+I9} | D9: {=D121} | E9: {=E121} | F9: {=F121} | G9: {=G121} | H9: {=E9+D9} | I9: {=G9+F9} | J9: {=D9+F9} | K9: {=E9+G9}
A10: d03 | B10: 3 years age of the deceased | C10: {=H10+I10} | D10: {=D122} | E10: {=E122} | F10: {=F122} | G10: {=G122} | H10: {=E10+D10} | I10: {=G10+F10} | J10: {=D10+F10} | K10: {=E10+G10}
A11: d04 | B11: 4 years age of the deceased | C11: {=H11+I11} | D11: {=D123} | E11: {=E123} | F11: {=F123} | G11: {=G123} | H11: {=E11+D11} | I11: {=G11+F11} | J11: {=D11+F11} | K11: {=E11+G11}
A12: d05 | B12: 5 years age of the deceased | C12: {=H12+I12} | D12: {=D124} | E12: {=E124} | F12: {=F124} | G12: {=G124} | H12: {=E12+D12} | I12: {=G12+F12} | J12: {=D12+F12} | K12: {=E12+G12}
A13: d06 | B13: 6 years age of the deceased | C13: {=H13+I13} | D13: {=D125} | E13: {=E125} | F13: {=F125} | G13: {=G125} | H13: {=E13+D13} | I13: {=G13+F13} | J13: {=D13+F13} | K13: {=E13+G13}
A14: d07 | B14: 7 years age of the deceased | C14: {=H14+I14} | D14: {=D126} | E14: {=E126} | F14: {=F126} | G14: {=G126} | H14: {=E14+D14} | I14: {=G14+F14} | J14: {=D14+F14} | K14: {=E14+G14}
A15: d08 | B15: 8 years age of the deceased | C15: {=H15+I15} | D15: {=D127} | E15: {=E127} | F15: {=F127} | G15: {=G127} | H15: {=E15+D15} | I15: {=G15+F15} | J15: {=D15+F15} | K15: {=E15+G15}
A16: d09 | B16: 9 years age of the deceased | C16: {=H16+I16} | D16: {=D128} | E16: {=E128} | F16: {=F128} | G16: {=G128} | H16: {=E16+D16} | I16: {=G16+F16} | J16: {=D16+F16} | K16: {=E16+G16}
A17: d10 | B17: 10 years age of the deceased | C17: {=H17+I17} | D17: {=D129} | E17: {=E129} | F17: {=F129} | G17: {=G129} | H17: {=E17+D17} | I17: {=G17+F17} | J17: {=D17+F17} | K17: {=E17+G17}
A18: d11 | B18: 11 years age of the deceased | C18: {=H18+I18} | D18: {=D130} | E18: {=E130} | F18: {=F130} | G18: {=G130} | H18: {=E18+D18} | I18: {=G18+F18} | J18: {=D18+F18} | K18: {=E18+G18}
... A106: d99 | B106: 99 years and older age of the deceased | C106: {=H106+I106} | D106: {=D218} | E106: {=E218} | F106: {=F218} | G106: {=G218} | H106: {=E106+D106} | I106: {=G106+F106} | J106: {=D106+F106} | K106: {=E106+G106}
A107: dt | B107: Total | C107: {=SUM(C7:C106)} | D107: {=SUM(D7:D106)} | E107: {=SUM(E7:E106)} | F107: {=SUM(F7:F106)} | G107: {=SUM(G7:G106)} | H107: {=SUM(H7:H106)} | I107: {=SUM(I7:I106)} | J107: {=D107+F107} | K107: {=E107+G107}
A109: ds | B109: Source of the data (verbal) | C109: {=IF(C110="","?",C110)&IF(C111="","","; downloaded "&C111)&IF(C112="","","; "&C112)}
B110: URLs, where the data was found | C110: https://opendata.cbs.nl/ODataApi/odata/85449NED/TypedDataSet (Overledenen; geslacht, leeftijd, herkomstland en geboorteland)
B111: Date, when the data was downloaded | C111: 2026-05-26
B112: Manual remarks (not for AI!)
B113: Remarks of the AI (e.g. calculation) | C113: Sterbefälle 2024 direkt aus CBS-Würfel 85449NED (Overledenen; Sex × Einzelalter × Herkomstland). Native = Herkomstland NL: 143,834; Migrant = Herkomstland Buiten-NL: 26,501; Total = 170,335. **CBS publiziert die MH-Aufschlüsselung direkt** — kein anteiliges Apportionment via Pop-Struktur nötig (anders als CH-V1, AT-V1, FR-V1, DE-V1 die alle das Apportionment-Workaround nutzten). Methodisch sauberer.
B114: Internal remarks
B116: ✏️ | C116: Enter your data below and make sure that you adjust the formulas above, if necessary. If calculations are necessary, use the fields below for it and use formulas in the area above, to fill in the fields above exactly as intended.
B117: Deaths | C117: Calculation of the deaths
B119: 0 years | D119: 167 | E119: 195 | F119: 65 | G119: 81
B120: 1 years | D120: 13 | E120: 24 | F120: 10 | G120: 6
B121: 2 years | D121: 8 | E121: 10 | F121: 9 | G121: 6
B122: 3 years | D122: 4 | E122: 11 | F122: 3 | G122: 5
B123: 4 years | D123: 2 | E123: 6 | F123: 1 | G123: 6
B124: 5 years | D124: 4 | E124: 2 | F124: 1 | G124: 3
B125: 6 years | D125: 2 | E125: 3 | F125: 1 | G125: 2
B126: 7 years | D126: 2 | E126: 4 | F126: 3 | G126: 5
B127: 8 years | D127: 3 | E127: 6 | F127: 4 | G127: 5
B128: 9 years | D128: 3 | E128: 7 | F128: 5 | G128: 3
B129: 10 years | D129: 4 | E129: 6 | F129: 2 | G129: 3
B130: 11 years | D130: 9 | E130: 9 | F130: 5 | G130: 3
... B218: 99 years and older | D218: 669 | E218: 234 | F218: 81 | G218: 28

Sheet migration
A1: migration
C2: aa | D2: nf | E2: nm | F2: mf | G2: mm | H2: na | I2: ma | J2: af | K2: am
B3: {='overview'!C11&" / "&'overview'!C12} | C3: All | D3: Native Female | E3: Native Male | F3: Migrant Female | G3: Migrant Male | H3: Utility Native Male + Female | I3: Utility Migrant Male + Female | J3: Utility All Female | K3: Utility All Male | L3: Utility Other
B4: ⚠️ | C4: Do not add or delete lines until the next dark grey row below! The fields below are the fields used in other sheets and in the calculation. The address of these fields and their contents must remain always the same, so we can add calculations later!
B5: Migration balance | C5: This is the total of immigrations (into the country) minus emigration (out of the country)
B7: Year of the last migration numbers | C7: 2024
A9: ma | B9: Avarage migration balance (10 years) | C9: {=H9+I9} | D9: {=D199-D286} | E9: {=E199-E286} | F9: {=F199-F286} | G9: {=G199-G286} | H9: {=E9+D9} | I9: {=G9+F9} | J9: {=D9+F9} | K9: {=E9+G9}
A11: m00 | B11: 0 years | C11: {=H11+I11} | D11: {=D$9*$L11} | E11: {=E$9*$L11} | F11: {=F$9*$L11} | G11: {=G$9*$L11} | H11: {=E11+D11} | I11: {=G11+F11} | J11: {=D11+F11} | K11: {=E11+G11}
A12: m01 | B12: 1 years | C12: {=H12+I12} | D12: {=D$9*$L12} | E12: {=E$9*$L12} | F12: {=F$9*$L12} | G12: {=G$9*$L12} | H12: {=E12+D12} | I12: {=G12+F12} | J12: {=D12+F12} | K12: {=E12+G12}
A13: m02 | B13: 2 years | C13: {=H13+I13} | D13: {=D$9*$L13} | E13: {=E$9*$L13} | F13: {=F$9*$L13} | G13: {=G$9*$L13} | H13: {=E13+D13} | I13: {=G13+F13} | J13: {=D13+F13} | K13: {=E13+G13}
A14: m03 | B14: 3 years | C14: {=H14+I14} | D14: {=D$9*$L14} | E14: {=E$9*$L14} | F14: {=F$9*$L14} | G14: {=G$9*$L14} | H14: {=E14+D14} | I14: {=G14+F14} | J14: {=D14+F14} | K14: {=E14+G14}
A15: m04 | B15: 4 years | C15: {=H15+I15} | D15: {=D$9*$L15} | E15: {=E$9*$L15} | F15: {=F$9*$L15} | G15: {=G$9*$L15} | H15: {=E15+D15} | I15: {=G15+F15} | J15: {=D15+F15} | K15: {=E15+G15}
A16: m05 | B16: 5 years | C16: {=H16+I16} | D16: {=D$9*$L16} | E16: {=E$9*$L16} | F16: {=F$9*$L16} | G16: {=G$9*$L16} | H16: {=E16+D16} | I16: {=G16+F16} | J16: {=D16+F16} | K16: {=E16+G16} | L16: 0.0001247127
A17: m06 | B17: 6 years | C17: {=H17+I17} | D17: {=D$9*$L17} | E17: {=E$9*$L17} | F17: {=F$9*$L17} | G17: {=G$9*$L17} | H17: {=E17+D17} | I17: {=G17+F17} | J17: {=D17+F17} | K17: {=E17+G17} | L17: 0.0002035291
A18: m07 | B18: 7 years | C18: {=H18+I18} | D18: {=D$9*$L18} | E18: {=E$9*$L18} | F18: {=F$9*$L18} | G18: {=G$9*$L18} | H18: {=E18+D18} | I18: {=G18+F18} | J18: {=D18+F18} | K18: {=E18+G18} | L18: 0.000325446
A19: m08 | B19: 8 years | C19: {=H19+I19} | D19: {=D$9*$L19} | E19: {=E$9*$L19} | F19: {=F$9*$L19} | G19: {=G$9*$L19} | H19: {=E19+D19} | I19: {=G19+F19} | J19: {=D19+F19} | K19: {=E19+G19} | L19: 0.0005098804
A20: m09 | B20: 9 years | C20: {=H20+I20} | D20: {=D$9*$L20} | E20: {=E$9*$L20} | F20: {=F$9*$L20} | G20: {=G$9*$L20} | H20: {=E20+D20} | I20: {=G20+F20} | J20: {=D20+F20} | K20: {=E20+G20} | L20: 0.0007826985
A21: m10 | B21: 10 years | C21: {=H21+I21} | D21: {=D$9*$L21} | E21: {=E$9*$L21} | F21: {=F$9*$L21} | G21: {=G$9*$L21} | H21: {=E21+D21} | I21: {=G21+F21} | J21: {=D21+F21} | K21: {=E21+G21} | L21: 0.0011772198
A22: m11 | B22: 11 years | C22: {=H22+I22} | D22: {=D$9*$L22} | E22: {=E$9*$L22} | F22: {=F$9*$L22} | G22: {=G$9*$L22} | H22: {=E22+D22} | I22: {=G22+F22} | J22: {=D22+F22} | K22: {=E22+G22} | L22: 0.0017348322
A23: m12 | B23: 12 years | C23: {=H23+I23} | D23: {=D$9*$L23} | E23: {=E$9*$L23} | F23: {=F$9*$L23} | G23: {=G$9*$L23} | H23: {=E23+D23} | I23: {=G23+F23} | J23: {=D23+F23} | K23: {=E23+G23} | L23: 0.002504922
A24: m13 | B24: 13 years | C24: {=H24+I24} | D24: {=D$9*$L24} | E24: {=E$9*$L24} | F24: {=F$9*$L24} | G24: {=G$9*$L24} | H24: {=E24+D24} | I24: {=G24+F24} | J24: {=D24+F24} | K24: {=E24+G24} | L24: 0.0035437886
A25: m14 | B25: 14 years | C25: {=H25+I25} | D25: {=D$9*$L25} | E25: {=E$9*$L25} | F25: {=F$9*$L25} | G25: {=G$9*$L25} | H25: {=E25+D25} | I25: {=G25+F25} | J25: {=D25+F25} | K25: {=E25+G25} | L25: 0.004912225
A26: m15 | B26: 15 years | C26: {=H26+I26} | D26: {=D$9*$L26} | E26: {=E$9*$L26} | F26: {=F$9*$L26} | G26: {=G$9*$L26} | H26: {=E26+D26} | I26: {=G26+F26} | J26: {=D26+F26} | K26: {=E26+G26} | L26: 0.0066715315
A27: m16 | B27: 16 years | C27: {=H27+I27} | D27: {=D$9*$L27} | E27: {=E$9*$L27} | F27: {=F$9*$L27} | G27: {=G$9*$L27} | H27: {=E27+D27} | I27: {=G27+F27} | J27: {=D27+F27} | K27: {=E27+G27} | L27: 0.0088778883
... A65: m54 | B65: 54 years | C65: {=H65+I65} | D65: {=D$9*$L65} | E65: {=E$9*$L65} | F65: {=F$9*$L65} | G65: {=G$9*$L65} | H65: {=E65+D65} | I65: {=G65+F65} | J65: {=D65+F65} | K65: {=E65+G65} | L65: 0.0001247127
A66: m55 | B66: 55 years | C66: {=H66+I66} | D66: {=D$9*$L66} | E66: {=E$9*$L66} | F66: {=F$9*$L66} | G66: {=G$9*$L66} | H66: {=E66+D66} | I66: {=G66+F66} | J66: {=D66+F66} | K66: {=E66+G66}
A67: m56 | B67: 56 years | C67: {=H67+I67} | D67: {=D$9*$L67} | E67: {=E$9*$L67} | F67: {=F$9*$L67} | G67: {=G$9*$L67} | H67: {=E67+D67} | I67: {=G67+F67} | J67: {=D67+F67} | K67: {=E67+G67}
A68: m57 | B68: 57 years | C68: {=H68+I68} | D68: {=D$9*$L68} | E68: {=E$9*$L68} | F68: {=F$9*$L68} | G68: {=G$9*$L68} | H68: {=E68+D68} | I68: {=G68+F68} | J68: {=D68+F68} | K68: {=E68+G68}
A69: m58 | B69: 58 years | C69: {=H69+I69} | D69: {=D$9*$L69} | E69: {=E$9*$L69} | F69: {=F$9*$L69} | G69: {=G$9*$L69} | H69: {=E69+D69} | I69: {=G69+F69} | J69: {=D69+F69} | K69: {=E69+G69}
A70: m59 | B70: 59 years | C70: {=H70+I70} | D70: {=D$9*$L70} | E70: {=E$9*$L70} | F70: {=F$9*$L70} | G70: {=G$9*$L70} | H70: {=E70+D70} | I70: {=G70+F70} | J70: {=D70+F70} | K70: {=E70+G70}
A71: m60 | B71: 60 years | C71: {=H71+I71} | D71: {=D$9*$L71} | E71: {=E$9*$L71} | F71: {=F$9*$L71} | G71: {=G$9*$L71} | H71: {=E71+D71} | I71: {=G71+F71} | J71: {=D71+F71} | K71: {=E71+G71}
A72: m61 | B72: 61 years | C72: {=H72+I72} | D72: {=D$9*$L72} | E72: {=E$9*$L72} | F72: {=F$9*$L72} | G72: {=G$9*$L72} | H72: {=E72+D72} | I72: {=G72+F72} | J72: {=D72+F72} | K72: {=E72+G72}
A73: m62 | B73: 62 years | C73: {=H73+I73} | D73: {=D$9*$L73} | E73: {=E$9*$L73} | F73: {=F$9*$L73} | G73: {=G$9*$L73} | H73: {=E73+D73} | I73: {=G73+F73} | J73: {=D73+F73} | K73: {=E73+G73}
A74: m63 | B74: 63 years | C74: {=H74+I74} | D74: {=D$9*$L74} | E74: {=E$9*$L74} | F74: {=F$9*$L74} | G74: {=G$9*$L74} | H74: {=E74+D74} | I74: {=G74+F74} | J74: {=D74+F74} | K74: {=E74+G74}
A75: m64 | B75: 64 years | C75: {=H75+I75} | D75: {=D$9*$L75} | E75: {=E$9*$L75} | F75: {=F$9*$L75} | G75: {=G$9*$L75} | H75: {=E75+D75} | I75: {=G75+F75} | J75: {=D75+F75} | K75: {=E75+G75}
A76: m65 | B76: 65 years | C76: {=H76+I76} | D76: {=D$9*$L76} | E76: {=E$9*$L76} | F76: {=F$9*$L76} | G76: {=G$9*$L76} | H76: {=E76+D76} | I76: {=G76+F76} | J76: {=D76+F76} | K76: {=E76+G76}
A77: m66 | B77: 66 years | C77: {=H77+I77} | D77: {=D$9*$L77} | E77: {=E$9*$L77} | F77: {=F$9*$L77} | G77: {=G$9*$L77} | H77: {=E77+D77} | I77: {=G77+F77} | J77: {=D77+F77} | K77: {=E77+G77}
... A110: m99 | B110: 99 years and older | C110: {=H110+I110} | D110: {=D$9*$L110} | E110: {=E$9*$L110} | F110: {=F$9*$L110} | G110: {=G$9*$L110} | H110: {=E110+D110} | I110: {=G110+F110} | J110: {=D110+F110} | K110: {=E110+G110}
A111: mt | B111: Total | C111: {=SUM(C11:C110)} | D111: {=SUM(D11:D110)} | E111: {=SUM(E11:E110)} | F111: {=SUM(F11:F110)} | G111: {=SUM(G11:G110)} | H111: {=SUM(H11:H110)} | I111: {=SUM(I11:I110)} | J111: {=D111+F111} | K111: {=E111+G111}
A113: ms | B113: Source of the data (verbal) | C113: {=IF(C114="","?",C114)&IF(C115="","","; downloaded "&C115)&IF(C116="","","; "&C116)}
B114: URLs, where the data was found | C114: Enter URLs here, if you have multiple URLs seperate them with a comma
B115: Date, when the data was downloaded | C115: yyyy-MM-dd
B116: Manual remarks (not for AI!) | C116: we used the 10-year average number of the migration balance (2015-2024); the numbers are binomially distributed between the age of 5 and 54
B117: Remarks of the AI (e.g. calculation)
B118: Internal remarks
B120: ✏️ | C120: Enter your data below and make sure that you adjust the formulas above, if necessary. If calculations are necessary, use the fields below for it and use formulas in the area above, to fill in the fields above exactly as intended.
B121: Immigration | C121: Fill in the numbers of people immigrating into this country here. For the calculation only the last 10 years are relevant. But we need the older values for later so we can calculate the numbers more correctly.
B123: {=$B124-1} | C123: 36000 | F123: {=J123-D123} | G123: {=K123-E123} | H123: {=E123+D123} | I123: {=G123+F123} | L123: 0.041870609
B124: {=$B125-1} | C124: 71000 | F124: {=J124-D124} | G124: {=K124-E124} | H124: {=E124+D124} | I124: {=G124+F124} | L124: 0.046368713
B125: {=$B126-1} | C125: 45000 | F125: {=J125-D125} | G125: {=K125-E125} | H125: {=E125+D125} | I125: {=G125+F125} | L125: 0.050312704
B126: {=$B127-1} | C126: 34000 | F126: {=J126-D126} | G126: {=K126-E126} | H126: {=E126+D126} | I126: {=G126+F126} | L126: 0.053489325
B127: {=$B128-1} | C127: 35000 | F127: {=J127-D127} | G127: {=K127-E127} | H127: {=E127+D127} | I127: {=G127+F127} | L127: 0.055717731
B128: {=$B129-1} | C128: 42000 | F128: {=J128-D128} | G128: {=K128-E128} | H128: {=E128+D128} | I128: {=G128+F128} | L128: 0.05686651
B129: {=$B130-1} | C129: 52000 | F129: {=J129-D129} | G129: {=K129-E129} | H129: {=E129+D129} | I129: {=G129+F129} | L129: 0.05686651
B130: {=$B131-1} | C130: 52000 | F130: {=J130-D130} | G130: {=K130-E130} | H130: {=E130+D130} | I130: {=G130+F130} | L130: 0.055717731
B131: {=$B132-1} | C131: 50000 | F131: {=J131-D131} | G131: {=K131-E131} | H131: {=E131+D131} | I131: {=G131+F131} | L131: 0.053489325
B132: {=$B133-1} | C132: 68000 | F132: {=J132-D132} | G132: {=K132-E132} | H132: {=E132+D132} | I132: {=G132+F132} | L132: 0.050312704
B133: {=$B134-1} | C133: 37000 | F133: {=J133-D133} | G133: {=K133-E133} | H133: {=E133+D133} | I133: {=G133+F133} | L133: 0.046368713
B134: {=$B135-1} | C134: 45000 | F134: {=J134-D134} | G134: {=K134-E134} | H134: {=E134+D134} | I134: {=G134+F134} | L134: 0.041870609
... B153: {=$B154-1} | C153: 105000 | F153: {=J153-D153} | G153: {=K153-E153} | H153: {=E153+D153} | I153: {=G153+F153} | L153: 0.0001247127
B154: {=$B155-1} | C154: 113000 | F154: {=J154-D154} | G154: {=K154-E154} | H154: {=E154+D154} | I154: {=G154+F154}
B155: {=$B156-1} | C155: 80000 | F155: {=J155-D155} | G155: {=K155-E155} | H155: {=E155+D155} | I155: {=G155+F155}
B156: {=$B157-1} | C156: 71000 | F156: {=J156-D156} | G156: {=K156-E156} | H156: {=E156+D156} | I156: {=G156+F156}
B157: {=$B158-1} | C157: 67000 | F157: {=J157-D157} | G157: {=K157-E157} | H157: {=E157+D157} | I157: {=G157+F157}
B158: {=$B159-1} | C158: 67000 | F158: {=J158-D158} | G158: {=K158-E158} | H158: {=E158+D158} | I158: {=G158+F158}
B159: {=$B160-1} | C159: 79000 | F159: {=J159-D159} | G159: {=K159-E159} | H159: {=E159+D159} | I159: {=G159+F159}
B160: {=$B161-1} | C160: 87000 | F160: {=J160-D160} | G160: {=K160-E160} | H160: {=E160+D160} | I160: {=G160+F160}
B161: {=$B162-1} | C161: 96000 | F161: {=J161-D161} | G161: {=K161-E161} | H161: {=E161+D161} | I161: {=G161+F161}
B162: {=$B163-1} | C162: 91000 | F162: {=J162-D162} | G162: {=K162-E162} | H162: {=E162+D162} | I162: {=G162+F162}
B163: {=$B164-1} | C163: 99000 | F163: {=J163-D163} | G163: {=K163-E163} | H163: {=E163+D163} | I163: {=G163+F163}
B164: {=$B165-1} | C164: 117000 | F164: {=J164-D164} | G164: {=K164-E164} | H164: {=E164+D164} | I164: {=G164+F164}
B165: {=$B166-1} | C165: 120000 | F165: {=J165-D165} | G165: {=K165-E165} | H165: {=E165+D165} | I165: {=G165+F165}
... B168: {=$B169-1} | C168: 99000 | F168: {=J168-D168} | G168: {=K168-E168} | H168: {=E168+D168} | I168: {=G168+F168}
B169: {=$B170-1} | C169: {=H169+I169} | D169: 9433 | E169: 11963 | F169: {=J169-D169} | G169: {=K169-E169} | H169: {=E169+D169} | I169: {=G169+F169} | J169: 44618 | K169: 51481
B170: {=$B171-1} | C170: {=H170+I170} | D170: 10132 | E170: 12434 | F170: {=J170-D170} | G170: {=K170-E170} | H170: {=E170+D170} | I170: {=G170+F170} | J170: 52193 | K170: 56556
B171: {=$B172-1} | C171: {=H171+I171} | D171: 10311 | E171: 12404 | F171: {=J171-D171} | G171: {=K171-E171} | H171: {=E171+D171} | I171: {=G171+F171} | J171: 52936 | K171: 56924
B172: {=$B173-1} | C172: {=H172+I172} | D172: 11555 | E172: 14429 | F172: {=J172-D172} | G172: {=K172-E172} | H172: {=E172+D172} | I172: {=G172+F172} | J172: 58870 | K172: 63537
B173: {=$B174-1} | C173: {=H173+I173} | D173: 11389 | E173: 13585 | F173: {=J173-D173} | G173: {=K173-E173} | H173: {=E173+D173} | I173: {=G173+F173} | J173: 57756 | K173: 61395
B174: {=$B175-1} | C174: {=H174+I174} | D174: 10900 | E174: 12917 | F174: {=J174-D174} | G174: {=K174-E174} | H174: {=E174+D174} | I174: {=G174+F174} | J174: 63885 | K174: 68965
B175: {=$B176-1} | C175: {=H175+I175} | D175: 10568 | E175: 12582 | F175: {=J175-D175} | G175: {=K175-E175} | H175: {=E175+D175} | I175: {=G175+F175} | J175: 63640 | K175: 69764
B176: {=$B177-1} | C176: {=H176+I176} | D176: 9851 | E176: 11591 | F176: {=J176-D176} | G176: {=K176-E176} | H176: {=E176+D176} | I176: {=G176+F176} | J176: 59177 | K176: 62073
B177: {=$B178-1} | C177: {=H177+I177} | D177: 8903 | E177: 10925 | F177: {=J177-D177} | G177: {=K177-E177} | H177: {=E177+D177} | I177: {=G177+F177} | J177: 52022 | K177: 52492
B178: {=$B179-1} | C178: {=H178+I178} | D178: 8838 | E178: 10609 | F178: {=J178-D178} | G178: {=K178-E178} | H178: {=E178+D178} | I178: {=G178+F178} | J178: 47819 | K178: 46200
B179: {=$B180-1} | C179: {=H179+I179} | D179: 9015 | E179: 11172 | F179: {=J179-D179} | G179: {=K179-E179} | H179: {=E179+D179} | I179: {=G179+F179} | J179: 46160 | K179: 46137
B180: {=$B181-1} | C180: {=H180+I180} | D180: 10763 | E180: 12721 | F180: {=J180-D180} | G180: {=K180-E180} | H180: {=E180+D180} | I180: {=G180+F180} | J180: 49459 | K180: 51691
... B197: {=$B198-1} | C197: {=H197+I197} | D197: 12024 | E197: 13631 | F197: {=J197-D197} | G197: {=K197-E197} | H197: {=E197+D197} | I197: {=G197+F197} | J197: 163057 | K197: 172611
B198: {=$C$7} | C198: {=H198+I198} | D198: 11889 | E198: 13871 | F198: {=J198-D198} | G198: {=K198-E198} | H198: {=E198+D198} | I198: {=G198+F198} | J198: 150517 | K198: 165788
B199: 10 year Ø of immigration | C199: {=AVERAGE(C189:C198)} | D199: {=AVERAGE(D189:D198)} | E199: {=AVERAGE(E189:E198)} | F199: {=AVERAGE(F189:F198)} | G199: {=AVERAGE(G189:G198)} | H199: {=AVERAGE(H189:H198)} | I199: {=AVERAGE(I189:I198)} | J199: {=AVERAGE(J189:J198)} | K199: {=AVERAGE(K189:K198)}
B201: Source of the data (verbal) | C201: {=IF(C202="","?",C202)&IF(C203="","","; downloaded "&C203)&IF(C204="","","; "&C204)}
B202: URLs, where the data was found | C202: https://opendata.cbs.nl/ODataApi/odata/85468NED/TypedDataSet (2010-2024); https://opendata.cbs.nl/ODataApi/odata/03742/TypedDataSet (1995-2022)
B203: Date, when the data was downloaded | C203: 2026-05-26
B204: Manual remarks (not for AI!)
B205: Remarks of the AI (e.g. calculation) | C205: Einwanderung der Bevölkerung NL. Quellen: 2010-2024 = CBS-Würfel 85468NED (Imm/Emi nach Sex × Leeftijd × Geboorteland × RegioS). 1995-2009 = CBS 03742 historisch. Native = Geboorteland Nederland (NL-Geborene-Rückkehrer); Total = Geboorteland Total. F/G via Vorlagen-Residual-Formel (= Migrant). **CBS als Primärquelle gewählt** (User-Entscheidung 2026-05-26): nationale Quelle ist konsistent zur BRP-basierten Pop-Definition; Leslie-Bilanz (Pop + Geburten − Sterbe + Zu − Weg) geht nur dann auf, wenn Pop, Vital und Migration aus derselben Registerbasis stammen. **Eurostat-Cross-Check Sanity-Pflicht (CLAUDE.md)**: Brutto-Diff CBS vs. Eurostat = Imm ~18%, Emi ~30% (CBS höher). Ursache = BRP-~4-Mo-Schwelle vs. Eurostat-Long-term-≥12-Mo-Filter; Asymmetrie durch hohen Kurzfrist-Wegzug-Anteil. Saldo-Diff hingegen klein (max ±17%, mittel ~3% — 2015-2024-Werte ±10k auf Saldo von ~100k+): die Kurzfrist-Aufenthalter erscheinen symmetrisch in Imm und Emi und heben sich im Netto-Saldo auf. **STOP aufgelöst**: Diff vollständig durch bekannten Definitions-Unterschied erklärt, kein Datenfehler, modellrelevant (Saldo) klein. Eurostat nur als Cross-Check, keine eigene Sensitivitätsvariante nötig. **Historische NL-Wellen**: 1949-1968 Indonesien-Repatriation (~300k, Geburtsland Indonesien = 1. Gen Migrant nach CBS-Definition), 1973-1975 Suriname-Welle (~200k), 1960er Marokko-/Türkei-Gastarbeiter, 2022 Ukraine-Welle. Pre-2015 außerhalb 10-J-Ø-Kipppunkt-Fenster, dokumentation nur. Pre-1995 in CBS nicht direkt publiziert (V1.x-Thema). — V1.1-NACHTRAG (2026-05-26): Historische Imm/Emi-Reihe 1949-1994 aus CBS 85524NED Topics 'Immigratie_76' und 'EmigratieInclusiefAdministratieveC_77' (Werte in Tausend, umgerechnet auf Personen). Coverage publiziert ab 1950 (1949 zT None). **Lücken-Konvention C-Spalte** (=H+I überschrieben): kein Sex-Split, kein Geburtsland-Split publiziert in 85524NED-kerncijfers. Display-Formel `=H+I` durch Total-Wert ersetzt; D/E/J/K bleiben leer (= keine Native/Migrant-Aufschlüsselung möglich). **Methodenbruch 1994/1995**: ab 1995 Geburtsland-basierte Reihe (CBS 03742, 85468NED) mit Native (NL-geboren) / Total-Split. Vor 1995 nur Total ohne Sex/Geburtsland. Pre-1995-Werte liegen außerhalb des 10-J-Ø-Kipppunkt-Fensters 2015-2024 — sie beeinflussen die Kipppunkt-Berechnung nicht. CLAUDE.md-V1-Pflicht zur publizistischen Tiefe.
B206: Internal remarks
B208: Emigration | C208: Fill in the numbers of people emigrating from this country here. For the calculation only the last 10 years are relevant. But we need the older values for later so we can calculate the numbers more correctly.
B210: {=$B211-1} | C210: 58000 | F210: {=J210-D210} | G210: {=K210-E210} | H210: {=E210+D210} | I210: {=G210+F210} | L210: 0.041870609
B211: {=$B212-1} | C211: 51000 | F211: {=J211-D211} | G211: {=K211-E211} | H211: {=E211+D211} | I211: {=G211+F211} | L211: 0.046368713
B212: {=$B213-1} | C212: 67000 | F212: {=J212-D212} | G212: {=K212-E212} | H212: {=E212+D212} | I212: {=G212+F212} | L212: 0.050312704
B213: {=$B214-1} | C213: 81000 | F213: {=J213-D213} | G213: {=K213-E213} | H213: {=E213+D213} | I213: {=G213+F213} | L213: 0.053489325
B214: {=$B215-1} | C214: 67000 | F214: {=J214-D214} | G214: {=K214-E214} | H214: {=E214+D214} | I214: {=G214+F214} | L214: 0.055717731
...

Sheet origin
A1: origin
C2: aa | D2: nf | E2: nm | F2: mf | G2: mm | H2: na | I2: ma | J2: af | K2: am
B3: {='overview'!C11&" / "&'overview'!C12} | C3: All | D3: Native Female | E3: Native Male | F3: Migrant Female | G3: Migrant Male | H3: Utility Native Male + Female | I3: Utility Migrant Male + Female | J3: Utility All Female | K3: Utility All Male | L3: Utility Other
B4: ✏️ | C4: Enter your data below and make sure that you adjust the formulas above, if necessary. If calculations are necessary, use the fields below for it and use formulas in the area above, to fill in the fields above exactly as intended.
B5: Origin of Migrants | C5: This table contains the countries the current migrants come from.
B7: Year of the numbers | C7: 2025
B9: Europe
A10: c1ad | B10: Andorra | C10: AD | F10: 19 | G10: 24 | I10: {=G10+F10}
A11: c1al | B11: Albania | C11: AL | F11: 2072 | G11: 2083 | I11: {=G11+F11}
A12: c1at | B12: Austria | C12: AT | F12: 4383 | G12: 3195 | I12: {=G12+F12}
A13: c1ax | B13: Åland Islands | C13: AX | I13: {=G13+F13}
A14: c1ba | B14: Bosnia and Herzegovina | C14: BA | I14: {=G14+F14}
A15: c1be | B15: Belgium | C15: BE | F15: 35806 | G15: 31496 | I15: {=G15+F15}
A16: c1bg | B16: Bulgaria | C16: BG | F16: 26168 | G16: 27449 | I16: {=G16+F16}
A17: c1by | B17: Belarus | C17: BY | I17: {=G17+F17}
A18: c1ch | B18: Switzerland | C18: CH | F18: 4992 | G18: 4151 | I18: {=G18+F18}
A19: c1cz | B19: Czechia[i] | C19: CZ | F19: 4906 | G19: 3189 | I19: {=G19+F19}
A20: c1de | B20: Germany | C20: DE | F20: 71194 | G20: 51756 | I20: {=G20+F20}
A21: c1dk | B21: Denmark | C21: DK | F21: 2440 | G21: 1852 | I21: {=G21+F21}
A22: c1ee | B22: Estonia | C22: EE | F22: 1546 | G22: 838 | I22: {=G22+F22}
A23: c1es | B23: Spain | C23: ES | F23: 22360 | G23: 22147 | I23: {=G23+F23}
A24: c1fi | B24: Finland | C24: FI | F24: 2969 | G24: 1357 | I24: {=G24+F24}
A25: c1fo | B25: Faroe Islands (the) | C25: FO | I25: {=G25+F25}
A26: c1fr | B26: France | C26: FR | F26: 19338 | G26: 16843 | I26: {=G26+F26}
A27: c1gb | B27: United Kingdom of Great Britain and Northern Ireland (the) | C27: GB | F27: 27553 | G27: 33877 | I27: {=G27+F27}
A28: c1gg | B28: Guernsey | C28: GG | I28: {=G28+F28}
A29: c1gi | B29: Gibraltar | C29: GI | I29: {=G29+F29}
A30: c1gr | B30: Greece | C30: GR | F30: 13625 | G30: 17648 | I30: {=G30+F30}
A31: c1hr | B31: Croatia | C31: HR | F31: 5130 | G31: 4754 | I31: {=G31+F31}
A32: c1hu | B32: Hungary | C32: HU | F32: 12307 | G32: 11193 | I32: {=G32+F32}
A33: c1ie | B33: Ireland | C33: IE | F33: 4501 | G33: 5135 | I33: {=G33+F33}
A34: c1im | B34: Isle of Man | C34: IM | I34: {=G34+F34}
A35: c1is | B35: Iceland | C35: IS | F35: 345 | G35: 269 | I35: {=G35+F35}
A36: c1it | B36: Italy | C36: IT | F36: 21197 | G36: 27683 | I36: {=G36+F36}
A37: c1je | B37: Jersey | C37: JE | I37: {=G37+F37}
A38: c1li | B38: Liechtenstein | C38: LI | F38: 3 | G38: 0 | I38: {=G38+F38}
A39: c1lt | B39: Lithuania | C39: LT | F39: 6509 | G39: 5197 | I39: {=G39+F39}
A40: c1lu | B40: Luxembourg | C40: LU | F40: 1210 | G40: 1094 | I40: {=G40+F40}
A41: c1lv | B41: Latvia | C41: LV | F41: 4841 | G41: 4463 | I41: {=G41+F41}
A42: c1mc | B42: Monaco | C42: MC | F42: 68 | G42: 61 | I42: {=G42+F42}
A43: c1md | B43: Moldova (the Republic of) | C43: MD | F43: 3814 | G43: 3672 | I43: {=G43+F43}
A44: c1me | B44: Montenegro | C44: ME | F44: 782 | G44: 821 | I44: {=G44+F44}
A45: c1mk | B45: North Macedonia | C45: MK | I45: {=G45+F45}
A46: c1mt | B46: Malta | C46: MT | F46: 409 | G46: 400 | I46: {=G46+F46}
A47: c1nl | B47: Netherlands (Kingdom of the) | C47: NL | I47: {=G47+F47}
A48: c1no | B48: Norway | C48: NO | F48: 1906 | G48: 1543 | I48: {=G48+F48}
A49: c1pl | B49: Poland | C49: PL | F49: 99195 | G49: 92106 | I49: {=G49+F49}
A50: c1pt | B50: Portugal | C50: PT | F50: 13202 | G50: 15743 | I50: {=G50+F50}
A51: c1ro | B51: Romania | C51: RO | F51: 26129 | G51: 28055 | I51: {=G51+F51}
A52: c1rs | B52: Serbia | C52: RS | F52: 6627 | G52: 5190 | I52: {=G52+F52}
A53: c1ru | B53: Russian Federation (the) | C53: RU | I53: {=G53+F53}
A54: c1se | B54: Sweden | C54: SE | F54: 3707 | G54: 2822 | I54: {=G54+F54}
A55: c1si | B55: Slovenia | C55: SI | F55: 1312 | G55: 964 | I55: {=G55+F55}
A56: c1sj | B56: Norway | C56: SJ | I56: {=G56+F56}
A57: c1sk | B57: Slovakia | C57: SK | F57: 5272 | G57: 4759 | I57: {=G57+F57}
A58: c1sm | B58: San Marino | C58: SM | F58: 7 | G58: 9 | I58: {=G58+F58}
A59: c1ua | B59: Ukraine[ad] | C59: UA | F59: 77485 | G59: 50232 | I59: {=G59+F59}
A60: c1va | B60: Vatican | C60: VA | F60: 0 | G60: 0 | I60: {=G60+F60}
A61: c1xk | B61: Kosovo | C61: XK | F61: 2554 | G61: 2712 | I61: {=G61+F61}
A62: c1 | B62: Europe | F62: {=SUM(F10:F61)} | G62: {=SUM(G10:G61)} | I62: {=SUM(I10:I61)}
B64: North America
A65: c2ag | B65: Antigua and Barbuda | C65: AG | F65: 20 | G65: 14 | I65: {=G65+F65}
A66: c2ai | B66: Anguilla | C66: AI | I66: {=G66+F66}
A67: c2aw | B67: Aruba | C67: AW | I67: {=G67+F67}
A68: c2bb | B68: Barbados | C68: BB | F68: 55 | G68: 56 | I68: {=G68+F68}
A69: c2bl | B69: Saint Barthélemy | C69: BL | I69: {=G69+F69}
A70: c2bm | B70: Bermuda | C70: BM | I70: {=G70+F70}
A71: c2bq | B71: Bonaire, Sint Eustatius, Saba | C71: BQ | I71: {=G71+F71}
A72: c2bs | B72: Bahamas (the) | C72: BS | F72: 37 | G72: 47 | I72: {=G72+F72}
A73: c2bz | B73: Belize | C73: BZ | F73: 18 | G73: 18 | I73: {=G73+F73}
A74: c2ca | B74: Canada | C74: CA | F74: 6505 | G74: 5463 | I74: {=G74+F74}
A75: c2cr | B75: Costa Rica | C75: CR | F75: 768 | G75: 638 | I75: {=G75+F75}
A76: c2cu | B76: Cuba | C76: CU | F76: 1143 | G76: 849 | I76: {=G76+F76}
A77: c2cw | B77: Curaçao | C77: CW | I77: {=G77+F77}
A78: c2dm | B78: Dominica | C78: DM | F78: 59 | G78: 31 | I78: {=G78+F78}
A79: c2do | B79: Dominican Republic (the) | C79: DO | F79: 7330 | G79: 3851 | I79: {=G79+F79}
A80: c2gd | B80: Grenada | C80: GD | F80: 33 | G80: 20 | I80: {=G80+F80}
A81: c2gl | B81: Greenland | C81: GL | I81: {=G81+F81}
A82: c2gp | B82: Guadeloupe | C82: GP | I82: {=G82+F82}
A83: c2gt | B83: Guatemala | C83: GT | F83: 591 | G83: 529 | I83: {=G83+F83}
A84: c2hn | B84: Honduras | C84: HN | F84: 463 | G84: 303 | I84: {=G84+F84}
A85: c2ht | B85: Haiti | C85: HT | F85: 815 | G85: 811 | I85: {=G85+F85}
A86: c2jm | B86: Jamaica | C86: JM | F86: 669 | G86: 636 | I86: {=G86+F86}
A87: c2kn | B87: Saint Kitts and Nevis | C87: KN | F87: 47 | G87: 30 | I87: {=G87+F87}
A88: c2ky | B88: Cayman Islands (the) | C88: KY | I88: {=G88+F88}
A89: c2lc | B89: Saint Lucia | C89: LC | I89: {=G89+F89}
A90: c2mf | B90: Saint Martin (French part) | C90: MF | I90: {=G90+F90}
A91: c2mq | B91: Martinique | C91: MQ | I91: {=G91+F91}
A92: c2ms | B92: Montserrat | C92: MS | I92: {=G92+F92}
A93: c2mx | B93: Mexico | C93: MX | F93: 5255 | G93: 3589 | I93: {=G93+F93}
A94: c2ni | B94: Nicaragua | C94: NI | F94: 496 | G94: 392 | I94: {=G94+F94}
A95: c2pa | B95: Panama | C95: PA | F95: 327 | G95: 286 | I95: {=G95+F95}
A96: c2pm | B96: Saint Pierre and Miquelon | C96: PM | I96: {=G96+F96}
A97: c2pr | B97: Puerto Rico | C97: PR | I97: {=G97+F97}
A98: c2sv | B98: El Salvador | C98: SV | F98: 433 | G98: 349 | I98: {=G98+F98}
A99: c2sx | B99: Sint Maarten (Dutch part) | C99: SX | I99: {=G99+F99}
A100: c2tc | B100: Turks and Caicos Islands (the) | C100: TC | I100: {=G100+F100}
A101: c2tt | B101: Trinidad and Tobago | C101: TT | F101: 437 | G101: 379 | I101: {=G101+F101}
A102: c2us | B102: United States of America (the) | C102: US | F102: 23388 | G102: 20748 | I102: {=G102+F102}
A103: c2vc | B103: Saint Vincent and the Grenadines | C103: VC | I103: {=G103+F103}
...

Sheet patria
A1: patria
C2: aa | D2: nf | E2: nm | F2: mf | G2: mm | H2: na | I2: ma | J2: af | K2: am
B3: {='overview'!C11&" / "&'overview'!C12} | C3: All | D3: Native Female | E3: Native Male | F3: Migrant Female | G3: Migrant Male | H3: Utility Native Male + Female | I3: Utility Migrant Male + Female | J3: Utility All Female | K3: Utility All Male | L3: Utility Other
B4: ✏️ | C4: Enter your data below and make sure that you adjust the formulas above, if necessary. If calculations are necessary, use the fields below for it and use formulas in the area above, to fill in the fields above exactly as intended.
B5: Naturalisation | C5: Fill in the numbers of people being naturalized in the specified year. This is not relevant for the calculation of version 1 but it is important for future versions.
B7: Year of the last migration numbers | C7: 2024
B9: {=$B10-1} | C9: {=I9} | I9: 3000
B10: {=$B11-1} | C10: {=I10} | I10: 3000
B11: {=$B12-1} | C11: {=I11} | I11: 3000
B12: {=$B13-1} | C12: {=I12} | I12: 4000
B13: {=$B14-1} | C13: {=I13} | I13: 3000
B14: {=$B15-1} | C14: {=I14} | I14: 7000
B15: {=$B16-1} | C15: {=I15} | I15: 4000
B16: {=$B17-1} | C16: {=I16} | I16: 3000
B17: {=$B18-1} | C17: {=I17} | I17: 4000
B18: {=$B19-1} | C18: {=I18} | I18: 3000
B19: {=$B20-1} | C19: {=I19} | I19: 2000
B20: {=$B21-1} | C20: {=I20} | I20: 3000
... B44: {=$B45-1} | C44: {=I44} | I44: 9000
B45: {=$B46-1} | C45: {=I45} | F45: 15485 | G45: 19186 | I45: {=G45+F45}
B46: {=$B47-1} | C46: {=I46} | F46: 8112 | G46: 10646 | I46: {=G46+F46}
B47: {=$B48-1} | C47: {=I47} | F47: 8824 | G47: 10434 | I47: {=G47+F47}
B48: {=$B49-1} | C48: {=I48} | F48: 3976 | G48: 5138 | I48: {=G48+F48}
B49: {=$B50-1} | C49: {=I49} | F49: 12329 | G49: 16401 | I49: {=G49+F49}
B50: {=$B51-1} | C50: {=I50} | F50: 5697 | G50: 7097 | I50: {=G50+F50}
B51: {=$B52-1} | C51: {=I51} | F51: 13406 | G51: 15706 | I51: {=G51+F51}
B52: {=$B53-1} | C52: {=I52} | F52: 16884 | G52: 19353 | I52: {=G52+F52}
B53: {=$B54-1} | C53: {=I53} | F53: 20593 | G53: 22476 | I53: {=G53+F53}
B54: {=$B55-1} | C54: {=I54} | F54: 23372 | G54: 26076 | I54: {=G54+F54}
B55: {=$B56-1} | C55: {=I55} | F55: 33713 | G55: 37731 | I55: {=G55+F55}
B56: {=$B57-1} | C56: {=I56} | F56: 38951 | G56: 43736 | I56: {=G56+F56}
... B83: {=$B84-1} | C83: {=I83} | F83: 30382 | G83: 26519 | I83: {=G83+F83}
B84: {=$C$7} | C84: {=I84} | F84: 30714 | G84: 28285 | I84: {=G84+F84}
C85: {=SUM(C9:C84)} | F85: {=SUM(F9:F84)} | G85: {=SUM(G9:G84)} | I85: {=SUM(I9:I84)}
B87: Source of the data (verbal) | C87: {=IF(C88="","?",C88)&IF(C89="","","; downloaded "&C89)&IF(C90="","","; "&C90)}
B88: URLs, where the data was found | C88: https://opendata.cbs.nl/ODataApi/odata/37199NED/TypedDataSet (1985-2024 mit Sex-Split + Optie/Verlening-Aufschlüsselung); https://opendata.cbs.nl/ODataApi/odata/85524NED/TypedDataSet (1946-1984 Total)
B89: Date, when the data was downloaded | C89: 2026-05-26
B90: Manual remarks (not for AI!)
B91: Remarks of the AI (e.g. calculation) | C91: Naturalisationen 1949-2024 aus zwei CBS-Tabellen (CLAUDE.md-V1-Pflicht historische Reihen, nicht V1.x). 1985-2024: CBS 37199NED 'Nationaliteitswijziging' mit Geschlechts-Split und Aufschlüsselung TotaalVerkrijgingNederlanderschap_1 (= Naturalisatie/Verlening + Optie + Medenaturalisation + Adoption + Erkenning). Ersetzt Eurostat migr_acq als Primärquelle (Eurostat-Werte = direkte CBS-Übermittlung dieser Tabelle; nationale Quelle gemäß CLAUDE.md Vorrang). Optie-vs-Naturalisatie-Trennung direkt verfügbar: 2024 Total 58.999 = Verlening 52.056 + Optie 6.567 + Medenaturalisation + Adoption + Erkenning. Beide rein-resident → keine Filterung nötig. 1949-1984: CBS 85524NED 'Bevolking, huishoudens en bevolkingsontwikkeling; vanaf 1899' Topic 'Naturalisatie_206' (in Tausend, klassische Naturalisatie ohne Optie). Lücken-Konvention I-Spalte (Total only, kein Sex-Split publiziert für diesen Zeitraum, AT-V3-Präzedenz). Originalformel I=F+G mit Total überschrieben. **Methodenbruch 1976/1977 (resident-only-Filter)**: 1946-1976 schließt 85524NED-Naturalisatie-Reihe Auslands-Einbürgerungen mit ein (Personen außerhalb NL die durch Naturalisationsverfahren NL-Bürger wurden — analog AT-§58c-Effekt). Ab 1977 resident-only-Filter durch RWN-Verschärfung. Pre-1977-Werte daher leicht überzeichnet (Größenordnung ~10-20% zusätzlich, schwankend). 1985-2024-Reihe (37199NED) ist definitionsgemäß resident-only. **Methodenbrüche RWN**: 1985 (neues StAng-Gesetz, ablöste Wet op het Nederlanderschap 1892), 2003-04-01 (strengere Inburgering-Anforderungen, Sprung-erwartet), 2010, 2017 (Inburgering-Plicht erweitert). Historische Reihen (1949-1994) liegen außerhalb des 10-J-Ø-Kipppunkt-Fensters 2015-2024 — sie beeinflussen die overview-Berechnung nicht. CLAUDE.md-V1-Pflicht zur publizistischen Tiefe und Cross-Country-Konsistenz.
B92: Internal remarks
B94: Expatriation | C94: Fill in the numbers of people being expatriated in the specified year. This is not relevant for the calculation of version 1 but it is important for future versions.
B96: {=$B97-1} | C96: {=H96} | H96: {=E96+D96}
B97: {=$B98-1} | C97: {=H97} | H97: {=E97+D97}
B98: {=$B99-1} | C98: {=H98} | H98: {=E98+D98}
B99: {=$B100-1} | C99: {=H99} | H99: {=E99+D99}
B100: {=$B101-1} | C100: {=H100} | H100: {=E100+D100}
B101: {=$B102-1} | C101: {=H101} | H101: {=E101+D101}
B102: {=$B103-1} | C102: {=H102} | H102: {=E102+D102}
B103: {=$B104-1} | C103: {=H103} | H103: {=E103+D103}
B104: {=$B105-1} | C104: {=H104} | H104: {=E104+D104}
B105: {=$B106-1} | C105: {=H105} | H105: {=E105+D105}
B106: {=$B107-1} | C106: {=H106} | H106: {=E106+D106}
B107: {=$B108-1} | C107: {=H107} | H107: {=E107+D107}
... B131: {=$B132-1} | C131: {=H131} | H131: {=E131+D131}
B132: {=$B133-1} | C132: {=H132} | D132: 17 | E132: 20 | H132: {=E132+D132}
B133: {=$B134-1} | C133: {=H133} | D133: 12 | E133: 23 | H133: {=E133+D133}
B134: {=$B135-1} | C134: {=H134} | D134: 6 | E134: 26 | H134: {=E134+D134}
B135: {=$B136-1} | C135: {=H135} | D135: 11 | E135: 27 | H135: {=E135+D135}
B136: {=$B137-1} | C136: {=H136} | D136: 15 | E136: 35 | H136: {=E136+D136}
B137: {=$B138-1} | C137: {=H137} | D137: 13 | E137: 36 | H137: {=E137+D137}
B138: {=$B139-1} | C138: {=H138} | D138: 26 | E138: 33 | H138: {=E138+D138}
B139: {=$B140-1} | C139: {=H139} | D139: 16 | E139: 51 | H139: {=E139+D139}
B140: {=$B141-1} | C140: {=H140} | D140: 18 | E140: 63 | H140: {=E140+D140}
B141: {=$B142-1} | C141: {=H141} | D141: 14 | E141: 54 | H141: {=E141+D141}
B142: {=$B143-1} | C142: {=H142} | D142: 49 | E142: 74 | H142: {=E142+D142}
B143: {=$B144-1} | C143: {=H143} | D143: 63 | E143: 67 | H143: {=E143+D143}
... B170: {=$B171-1} | C170: {=H170} | D170: 89 | E170: 101 | H170: {=E170+D170}
B171: {=$C$7} | C171: {=H171} | D171: 84 | E171: 94 | H171: {=E171+D171}
C172: {=SUM(C96:C171)} | D172: {=SUM(D96:D171)} | E172: {=SUM(E96:E171)} | H172: {=SUM(H96:H171)}
B174: Source of the data (verbal) | C174: {=IF(C175="","?",C175)&IF(C176="","","; downloaded "&C176)&IF(C177="","","; "&C177)}
B175: URLs, where the data was found | C175: https://opendata.cbs.nl/ODataApi/odata/37199NED/TypedDataSet (Verlies van het Nederlanderschap, 1985-2024)
B176: Date, when the data was downloaded | C176: 2026-05-26
B177: Manual remarks (not for AI!)
B178: Remarks of the AI (e.g. calculation) | C178: Verlust der NL-Staatsangehörigkeit (Expatriation): 1985-2024 aus CBS 37199NED Topic 'VerliesVanHetNederlanderschap_82' mit Sex-Split. Erfasst alle Personen die durch Erwerb fremder Staatsangehörigkeit, Verzicht oder Aberkennung (Art. 14-16 RWN) ihre NL-Staatsangehörigkeit verlieren. Sehr kleine Reihe (1985: 20 Personen Mann; 2024: 94 Personen Mann + 84 Frau). **Pre-1985 nicht publiziert** (37199NED beginnt 1985; 85524NED hat keine Verlies-Aufschlüsselung). Leer + dokumentiert.
B179: Internal remarks

Sheet export
A1: export
C2: aa | D2: nf | E2: nm | F2: mf | G2: mm | H2: na | I2: ma | J2: af | K2: am
B3: {='overview'!C11&" / "&'overview'!C12} | C3: All | D3: Native Female | E3: Native Male | F3: Migrant Female | G3: Migrant Male | H3: Utility Native Male + Female | I3: Utility Migrant Male + Female | J3: Utility All Female | K3: Utility All Male | L3: Utility Other
B4: ⚠️ | C4: Do not change this sheet!
B5: Overview
A6: {='overview'!A11} | C6: {='overview'!C11}
A7: {='overview'!A12} | C7: {='overview'!C12}
A8: {='overview'!$A49} | C8: {='overview'!C49}
A9: {='overview'!$A51} | C9: {='overview'!C51}
A10: {='overview'!$A60} | C10: {='overview'!C60} | D10: {='overview'!D60} | E10: {='overview'!E60} | F10: {='overview'!F60} | G10: {='overview'!G60} | H10: {='overview'!H60} | I10: {='overview'!I60} | J10: {='overview'!J60} | K10: {='overview'!K60}
A11: {='overview'!$A62} | C11: {='overview'!C62}
B13: Population
A14: {='population'!$A7} | C14: {='population'!C7}
A15: {='population'!$A9} | C15: {='population'!C9} | D15: {='population'!D9} | E15: {='population'!E9} | F15: {='population'!F9} | G15: {='population'!G9} | H15: {='population'!H9} | I15: {='population'!I9} | J15: {='population'!J9} | K15: {='population'!K9}
A16: {='population'!$A10} | C16: {='population'!C10} | D16: {='population'!D10} | E16: {='population'!E10} | F16: {='population'!F10} | G16: {='population'!G10} | H16: {='population'!H10} | I16: {='population'!I10} | J16: {='population'!J10} | K16: {='population'!K10}
A17: {='population'!$A11} | C17: {='population'!C11} | D17: {='population'!D11} | E17: {='population'!E11} | F17: {='population'!F11} | G17: {='population'!G11} | H17: {='population'!H11} | I17: {='population'!I11} | J17: {='population'!J11} | K17: {='population'!K11}
A18: {='population'!$A12} | C18: {='population'!C12} | D18: {='population'!D12} | E18: {='population'!E12} | F18: {='population'!F12} | G18: {='population'!G12} | H18: {='population'!H12} | I18: {='population'!I12} | J18: {='population'!J12} | K18: {='population'!K12}
A19: {='population'!$A13} | C19: {='population'!C13} | D19: {='population'!D13} | E19: {='population'!E13} | F19: {='population'!F13} | G19: {='population'!G13} | H19: {='population'!H13} | I19: {='population'!I13} | J19: {='population'!J13} | K19: {='population'!K13}
A20: {='population'!$A14} | C20: {='population'!C14} | D20: {='population'!D14} | E20: {='population'!E14} | F20: {='population'!F14} | G20: {='population'!G14} | H20: {='population'!H14} | I20: {='population'!I14} | J20: {='population'!J14} | K20: {='population'!K14}
A21: {='population'!$A15} | C21: {='population'!C15} | D21: {='population'!D15} | E21: {='population'!E15} | F21: {='population'!F15} | G21: {='population'!G15} | H21: {='population'!H15} | I21: {='population'!I15} | J21: {='population'!J15} | K21: {='population'!K15}
A22: {='population'!$A16} | C22: {='population'!C16} | D22: {='population'!D16} | E22: {='population'!E16} | F22: {='population'!F16} | G22: {='population'!G16} | H22: {='population'!H16} | I22: {='population'!I16} | J22: {='population'!J16} | K22: {='population'!K16}
A23: {='population'!$A17} | C23: {='population'!C17} | D23: {='population'!D17} | E23: {='population'!E17} | F23: {='population'!F17} | G23: {='population'!G17} | H23: {='population'!H17} | I23: {='population'!I17} | J23: {='population'!J17} | K23: {='population'!K17}
A24: {='population'!$A18} | C24: {='population'!C18} | D24: {='population'!D18} | E24: {='population'!E18} | F24: {='population'!F18} | G24: {='population'!G18} | H24: {='population'!H18} | I24: {='population'!I18} | J24: {='population'!J18} | K24: {='population'!K18}
A25: {='population'!$A19} | C25: {='population'!C19} | D25: {='population'!D19} | E25: {='population'!E19} | F25: {='population'!F19} | G25: {='population'!G19} | H25: {='population'!H19} | I25: {='population'!I19} | J25: {='population'!J19} | K25: {='population'!K19}
A26: {='population'!$A20} | C26: {='population'!C20} | D26: {='population'!D20} | E26: {='population'!E20} | F26: {='population'!F20} | G26: {='population'!G20} | H26: {='population'!H20} | I26: {='population'!I20} | J26: {='population'!J20} | K26: {='population'!K20}
... A115: {='population'!$A109} | C115: {='population'!C109} | D115: {='population'!D109} | E115: {='population'!E109} | F115: {='population'!F109} | G115: {='population'!G109} | H115: {='population'!H109} | I115: {='population'!I109} | J115: {='population'!J109} | K115: {='population'!K109}
A116: {='population'!$A111} | C116: {='population'!C111}
B118: Births
A119: {='births'!$A7} | H119: {='births'!D7} | I119: {='births'!F7}
A120: {='births'!$A11} | C120: {='births'!C11} | D120: {='births'!D11} | E120: {='births'!E11} | F120: {='births'!F11} | G120: {='births'!G11} | H120: {='births'!H11} | I120: {='births'!I11} | J120: {='births'!J11} | K120: {='births'!K11}
A121: {='births'!$A13} | C121: {='births'!C13}
A122: {='births'!$A22} | C122: {='births'!C22} | D122: {='births'!D22} | E122: {='births'!E22} | F122: {='births'!F22} | G122: {='births'!G22} | H122: {='births'!H22} | I122: {='births'!I22} | J122: {='births'!J22} | K122: {='births'!K22}
A123: {='births'!$A23} | C123: {='births'!C23} | D123: {='births'!D23} | E123: {='births'!E23} | F123: {='births'!F23} | G123: {='births'!G23} | H123: {='births'!H23} | I123: {='births'!I23} | J123: {='births'!J23} | K123: {='births'!K23}
A124: {='births'!$A24} | C124: {='births'!C24} | D124: {='births'!D24} | E124: {='births'!E24} | F124: {='births'!F24} | G124: {='births'!G24} | H124: {='births'!H24} | I124: {='births'!I24} | J124: {='births'!J24} | K124: {='births'!K24}
A125: {='births'!$A25} | C125: {='births'!C25} | D125: {='births'!D25} | E125: {='births'!E25} | F125: {='births'!F25} | G125: {='births'!G25} | H125: {='births'!H25} | I125: {='births'!I25} | J125: {='births'!J25} | K125: {='births'!K25}
A126: {='births'!$A26} | C126: {='births'!C26} | D126: {='births'!D26} | E126: {='births'!E26} | F126: {='births'!F26} | G126: {='births'!G26} | H126: {='births'!H26} | I126: {='births'!I26} | J126: {='births'!J26} | K126: {='births'!K26}
A127: {='births'!$A27} | C127: {='births'!C27} | D127: {='births'!D27} | E127: {='births'!E27} | F127: {='births'!F27} | G127: {='births'!G27} | H127: {='births'!H27} | I127: {='births'!I27} | J127: {='births'!J27} | K127: {='births'!K27}
A128: {='births'!$A28} | C128: {='births'!C28} | D128: {='births'!D28} | E128: {='births'!E28} | F128: {='births'!F28} | G128: {='births'!G28} | H128: {='births'!H28} | I128: {='births'!I28} | J128: {='births'!J28} | K128: {='births'!K28}
A129: {='births'!$A29} | C129: {='births'!C29} | D129: {='births'!D29} | E129: {='births'!E29} | F129: {='births'!F29} | G129: {='births'!G29} | H129: {='births'!H29} | I129: {='births'!I29} | J129: {='births'!J29} | K129: {='births'!K29}
A130: {='births'!$A30} | C130: {='births'!C30} | D130: {='births'!D30} | E130: {='births'!E30} | F130: {='births'!F30} | G130: {='births'!G30} | H130: {='births'!H30} | I130: {='births'!I30} | J130: {='births'!J30} | K130: {='births'!K30}
A131: {='births'!$A31} | C131: {='births'!C31} | D131: {='births'!D31} | E131: {='births'!E31} | F131: {='births'!F31} | G131: {='births'!G31} | H131: {='births'!H31} | I131: {='births'!I31} | J131: {='births'!J31} | K131: {='births'!K31}
A132: {='births'!$A32} | C132: {='births'!C32} | D132: {='births'!D32} | E132: {='births'!E32} | F132: {='births'!F32} | G132: {='births'!G32} | H132: {='births'!H32} | I132: {='births'!I32} | J132: {='births'!J32} | K132: {='births'!K32}
A133: {='births'!$A33} | C133: {='births'!C33} | D133: {='births'!D33} | E133: {='births'!E33} | F133: {='births'!F33} | G133: {='births'!G33} | H133: {='births'!H33} | I133: {='births'!I33} | J133: {='births'!J33} | K133: {='births'!K33}
... A157: {='births'!$A57} | C157: {='births'!C57} | D157: {='births'!D57} | E157: {='births'!E57} | F157: {='births'!F57} | G157: {='births'!G57} | H157: {='births'!H57} | I157: {='births'!I57} | J157: {='births'!J57} | K157: {='births'!K57}
A158: {='births'!$A59} | C158: {='births'!C59}
B160: Deaths
A161: {='deaths'!$A7} | C161: {='deaths'!C7} | D161: {='deaths'!D7} | E161: {='deaths'!E7} | F161: {='deaths'!F7} | G161: {='deaths'!G7} | H161: {='deaths'!H7} | I161: {='deaths'!I7} | J161: {='deaths'!J7} | K161: {='deaths'!K7}
A162: {='deaths'!$A8} | C162: {='deaths'!C8} | D162: {='deaths'!D8} | E162: {='deaths'!E8} | F162: {='deaths'!F8} | G162: {='deaths'!G8} | H162: {='deaths'!H8} | I162: {='deaths'!I8} | J162: {='deaths'!J8} | K162: {='deaths'!K8}
A163: {='deaths'!$A9} | C163: {='deaths'!C9} | D163: {='deaths'!D9} | E163: {='deaths'!E9} | F163: {='deaths'!F9} | G163: {='deaths'!G9} | H163: {='deaths'!H9} | I163: {='deaths'!I9} | J163: {='deaths'!J9} | K163: {='deaths'!K9}
A164: {='deaths'!$A10} | C164: {='deaths'!C10} | D164: {='deaths'!D10} | E164: {='deaths'!E10} | F164: {='deaths'!F10} | G164: {='deaths'!G10} | H164: {='deaths'!H10} | I164: {='deaths'!I10} | J164: {='deaths'!J10} | K164: {='deaths'!K10}
A165: {='deaths'!$A11} | C165: {='deaths'!C11} | D165: {='deaths'!D11} | E165: {='deaths'!E11} | F165: {='deaths'!F11} | G165: {='deaths'!G11} | H165: {='deaths'!H11} | I165: {='deaths'!I11} | J165: {='deaths'!J11} | K165: {='deaths'!K11}
A166: {='deaths'!$A12} | C166: {='deaths'!C12} | D166: {='deaths'!D12} | E166: {='deaths'!E12} | F166: {='deaths'!F12} | G166: {='deaths'!G12} | H166: {='deaths'!H12} | I166: {='deaths'!I12} | J166: {='deaths'!J12} | K166: {='deaths'!K12}
A167: {='deaths'!$A13} | C167: {='deaths'!C13} | D167: {='deaths'!D13} | E167: {='deaths'!E13} | F167: {='deaths'!F13} | G167: {='deaths'!G13} | H167: {='deaths'!H13} | I167: {='deaths'!I13} | J167: {='deaths'!J13} | K167: {='deaths'!K13}
A168: {='deaths'!$A14} | C168: {='deaths'!C14} | D168: {='deaths'!D14} | E168: {='deaths'!E14} | F168: {='deaths'!F14} | G168: {='deaths'!G14} | H168: {='deaths'!H14} | I168: {='deaths'!I14} | J168: {='deaths'!J14} | K168: {='deaths'!K14}
A169: {='deaths'!$A15} | C169: {='deaths'!C15} | D169: {='deaths'!D15} | E169: {='deaths'!E15} | F169: {='deaths'!F15} | G169: {='deaths'!G15} | H169: {='deaths'!H15} | I169: {='deaths'!I15} | J169: {='deaths'!J15} | K169: {='deaths'!K15}
A170: {='deaths'!$A16} | C170: {='deaths'!C16} | D170: {='deaths'!D16} | E170: {='deaths'!E16} | F170: {='deaths'!F16} | G170: {='deaths'!G16} | H170: {='deaths'!H16} | I170: {='deaths'!I16} | J170: {='deaths'!J16} | K170: {='deaths'!K16}
A171: {='deaths'!$A17} | C171: {='deaths'!C17} | D171: {='deaths'!D17} | E171: {='deaths'!E17} | F171: {='deaths'!F17} | G171: {='deaths'!G17} | H171: {='deaths'!H17} | I171: {='deaths'!I17} | J171: {='deaths'!J17} | K171: {='deaths'!K17}
A172: {='deaths'!$A18} | C172: {='deaths'!C18} | D172: {='deaths'!D18} | E172: {='deaths'!E18} | F172: {='deaths'!F18} | G172: {='deaths'!G18} | H172: {='deaths'!H18} | I172: {='deaths'!I18} | J172: {='deaths'!J18} | K172: {='deaths'!K18}
... A261: {='deaths'!$A107} | C261: {='deaths'!C107} | D261: {='deaths'!D107} | E261: {='deaths'!E107} | F261: {='deaths'!F107} | G261: {='deaths'!G107} | H261: {='deaths'!H107} | I261: {='deaths'!I107} | J261: {='deaths'!J107} | K261: {='deaths'!K107}
A262: {='deaths'!$A109} | C262: {='deaths'!C109}
B264: Migration balance
A265: {='migration'!$A9} | C265: {='migration'!C9} | D265: {='migration'!D9} | E265: {='migration'!E9} | F265: {='migration'!F9} | G265: {='migration'!G9} | H265: {='migration'!H9} | I265: {='migration'!I9} | J265: {='migration'!J9} | K265: {='migration'!K9}
A266: {='migration'!$A11} | C266: {='migration'!C11} | D266: {='migration'!D11} | E266: {='migration'!E11} | F266: {='migration'!F11} | G266: {='migration'!G11} | H266: {='migration'!H11} | I266: {='migration'!I11} | J266: {='migration'!J11} | K266: {='migration'!K11}
A267: {='migration'!$A12} | C267: {='migration'!C12} | D267: {='migration'!D12} | E267: {='migration'!E12} | F267: {='migration'!F12} | G267: {='migration'!G12} | H267: {='migration'!H12} | I267: {='migration'!I12} | J267: {='migration'!J12} | K267: {='migration'!K12}
A268: {='migration'!$A13} | C268: {='migration'!C13} | D268: {='migration'!D13} | E268: {='migration'!E13} | F268: {='migration'!F13} | G268: {='migration'!G13} | H268: {='migration'!H13} | I268: {='migration'!I13} | J268: {='migration'!J13} | K268: {='migration'!K13}
A269: {='migration'!$A14} | C269: {='migration'!C14} | D269: {='migration'!D14} | E269: {='migration'!E14} | F269: {='migration'!F14} | G269: {='migration'!G14} | H269: {='migration'!H14} | I269: {='migration'!I14} | J269: {='migration'!J14} | K269: {='migration'!K14}
A270: {='migration'!$A15} | C270: {='migration'!C15} | D270: {='migration'!D15} | E270: {='migration'!E15} | F270: {='migration'!F15} | G270: {='migration'!G15} | H270: {='migration'!H15} | I270: {='migration'!I15} | J270: {='migration'!J15} | K270: {='migration'!K15}
A271: {='migration'!$A16} | C271: {='migration'!C16} | D271: {='migration'!D16} | E271: {='migration'!E16} | F271: {='migration'!F16} | G271: {='migration'!G16} | H271: {='migration'!H16} | I271: {='migration'!I16} | J271: {='migration'!J16} | K271: {='migration'!K16}
A272: {='migration'!$A17} | C272: {='migration'!C17} | D272: {='migration'!D17} | E272: {='migration'!E17} | F272: {='migration'!F17} | G272: {='migration'!G17} | H272: {='migration'!H17} | I272: {='migration'!I17} | J272: {='migration'!J17} | K272: {='migration'!K17}
A273: {='migration'!$A18} | C273: {='migration'!C18} | D273: {='migration'!D18} | E273: {='migration'!E18} | F273: {='migration'!F18} | G273: {='migration'!G18} | H273: {='migration'!H18} | I273: {='migration'!I18} | J273: {='migration'!J18} | K273: {='migration'!K18}
A274: {='migration'!$A19} | C274: {='migration'!C19} | D274: {='migration'!D19} | E274: {='migration'!E19} | F274: {='migration'!F19} | G274: {='migration'!G19} | H274: {='migration'!H19} | I274: {='migration'!I19} | J274: {='migration'!J19} | K274: {='migration'!K19}
A275: {='migration'!$A20} | C275: {='migration'!C20} | D275: {='migration'!D20} | E275: {='migration'!E20} | F275: {='migration'!F20} | G275: {='migration'!G20} | H275: {='migration'!H20} | I275: {='migration'!I20} | J275: {='migration'!J20} | K275: {='migration'!K20}
A276: {='migration'!$A21} | C276: {='migration'!C21} | D276: {='migration'!D21} | E276: {='migration'!E21} | F276: {='migration'!F21} | G276: {='migration'!G21} | H276: {='migration'!H21} | I276: {='migration'!I21} | J276: {='migration'!J21} | K276: {='migration'!K21}
A277: {='migration'!$A22} | C277: {='migration'!C22} | D277: {='migration'!D22} | E277: {='migration'!E22} | F277: {='migration'!F22} | G277: {='migration'!G22} | H277: {='migration'!H22} | I277: {='migration'!I22} | J277: {='migration'!J22} | K277: {='migration'!K22}
... A366: {='migration'!$A111} | C366: {='migration'!C111} | D366: {='migration'!D111} | E366: {='migration'!E111} | F366: {='migration'!F111} | G366: {='migration'!G111} | H366: {='migration'!H111} | I366: {='migration'!I111} | J366: {='migration'!J111} | K366: {='migration'!K111}
A367: {='migration'!$A113} | C367: {='migration'!C113}
